,median,median_perc,mean,std,min,max,over_threshold,names
f5_rnd,0.0,0.0,0.02670625458552352,0.052409528250636585,0.0,0.60010743,False,ilmn_id
f7_rnd,0.0,0.0,0.017238588444150136,0.03264329338426837,0.0,0.28063604,False,ilmn_id
f6_rnd,0.0,0.0,0.026274380174404408,0.04475749146454726,0.0,0.3496924,False,ilmn_id
f2,0.04228464,18.00235737736053,0.1030542782262464,0.1361403479410325,0.0,0.6731201,False,ilmn_id
f3,0.03401813,14.482954887862581,0.09039372790953949,0.1261869747543761,0.0,0.81258655,False,ilmn_id
f8_rnd,0.0,0.0,0.010465921779716727,0.02255412579801751,0.0,0.2602362,False,ilmn_id
f4,0.09290943,39.55546890281818,0.13846129980318117,0.1604296637183666,0.0,0.76772827,False,ilmn_id
f1,0.065671705,27.959218831958704,0.18486498510900912,0.2283767895385048,0.0,0.87658817,False,ilmn_id
