,median,median_perc,mean,std,min,max,over_threshold,names
logic2,0.33766153,44.29203743721393,0.30448922538056106,0.21798587436073238,0.0,0.8994876,False,logic2_name
logic_rnd,0.0,0.0,0.037269601736966966,0.059231039583753683,0.0,0.6059364,False,logic_rnd_name
logic1,0.42469114,55.707962562786065,0.38727293003723745,0.24767390955454133,0.0,0.9422366,False,logic1_name
