Module,0.5_sum_abs,0.6_sum_abs,0.7_sum_abs,0.8_sum_abs,0.9_sum_abs,1_sum_abs,0.5_sum,0.6_sum,0.7_sum,0.8_sum,0.9_sum,1_sum,0.5_sum_female,0.5_sum_male,0.6_sum_female,0.6_sum_male,0.7_sum_female,0.7_sum_male,0.8_sum_female,0.8_sum_male,0.9_sum_female,0.9_sum_male,1_sum_female,1_sum_male,
MNNOutput,194.095458984375,194.095458984375,194.095458984375,193.1759796142578,0.0,0.0,164.69073486328125,164.69073486328125,164.69073486328125,163.77127075195312,0.0,0.0,84.42721557617188,80.26351165771484,84.42721557617188,80.26351165771484,84.42721557617188,80.26351165771484,83.50776672363281,80.26351165771484,0.0,0.0,0.0,0.0,
MNNOutput_residual,7.309281349182129,7.309281349182129,7.309281349182129,7.228731155395508,0.0,0.0,7.309281349182129,7.309281349182129,7.309281349182129,7.228731155395508,0.0,0.0,3.5727882385253906,3.7364931106567383,3.5727882385253906,3.7364931106567383,3.5727882385253906,3.7364931106567383,3.4922382831573486,3.7364931106567383,0.0,0.0,0.0,0.0,
