Module,0.5_sum_abs,0.6_sum_abs,0.7_sum_abs,0.8_sum_abs,0.9_sum_abs,1_sum_abs,0.5_sum,0.6_sum,0.7_sum,0.8_sum,0.9_sum,1_sum,0.5_sum_ADRN,0.5_sum_MES,0.6_sum_ADRN,0.6_sum_MES,0.7_sum_ADRN,0.7_sum_MES,0.8_sum_ADRN,0.8_sum_MES,0.9_sum_ADRN,0.9_sum_MES,1_sum_ADRN,1_sum_MES,
output_module,41.0,41.0,41.0,41.0,41.0,0.0,40.90275573730469,40.90275573730469,40.90275573730469,40.90275573730469,40.90275573730469,0.0,36.0,4.902759552001953,36.0,4.902759552001953,36.0,4.902759552001953,36.0,4.902759552001953,36.0,4.902759552001953,0.0,0.0,
output_module_residual,3.5052614212036133,3.5052614212036133,3.5052614212036133,3.5052614212036133,3.5052614212036133,0.0,3.5052614212036133,3.5052614212036133,3.5052614212036133,3.5052614212036133,3.5052614212036133,0.0,3.383732318878174,0.12152885645627975,3.383732318878174,0.12152885645627975,3.383732318878174,0.12152885645627975,3.383732318878174,0.12152885645627975,3.383732318878174,0.12152885645627975,0.0,0.0,
