,TARGET-30-PATHVK-01,TH03_0015_S01,THR31_0914_S01,TARGET-30-PAPBGH-01,TARGET-30-PATDXC-01,THR31_0866_S01,TARGET-30-PAMMXF-01,TARGET-30-PALBFW-01,TH40_2276_S01,TARGET-30-PASWVY-01,TARGET-30-PALIIN-01,TARGET-30-PANYGR-01,TARGET-30-PANWRR-01,TARGET-30-PARFRE-01,TARGET-30-PANUIF-01,TH40_2222_S01,TARGET-30-PALEVG-01,TARGET-30-PAITEG-01,TARGET-30-PALCBW-01,TARGET-30-PAPKWN-01,THR31_0882_S01,TARGET-30-PANBSP-01,TARGET-30-PAPKXS-01,TARGET-30-PAITCI-01,TARGET-30-PASFIC-01,TH40_2249_S01,TARGET-30-PALUYS-01,TARGET-30-PANZRV-01,TARGET-30-PAPHPE-01,TARGET-30-PASXGP-01,TARGET-30-PARGKK-01,TARGET-30-PASTCN-01,TARGET-30-PASWYR-01,TARGET-30-PATNKP-02,TARGET-30-PASCTR-01,TARGET-30-PAPVRN-01,TARGET-30-PARJVP-01,TARGET-30-PARZIP-01,TARGET-30-PASMJG-01,TARGET-30-PAPTAN-01,TARGET-30-PALKUC-01
ADRN,0.99682486,0.99682486,0.996825,0.9968246,0.996825,0.996825,0.996825,0.9968245,0.99682486,0.996825,0.9968246,0.996825,0.99682474,0.996825,0.9968246,0.9968238,0.99682486,0.007571295,0.0075440635,0.9968227,0.9968244,0.99682486,0.99682367,0.9968245,0.9968233,0.9968244,0.99682486,0.996825,0.99682486,0.996825,0.9968246,0.99682474,0.99682486,0.996825,0.996825,0.9968131,0.996825,0.99682486,0.007544306,0.007954432,0.0076568765
MES,0.0031751026,0.0031751266,0.0031750544,0.0031753576,0.0031750773,0.003175097,0.003175053,0.0031755315,0.0031751117,0.0031750803,0.003175341,0.0031750759,0.0031752323,0.003175053,0.003175441,0.0031762756,0.003175139,0.9924287,0.99245596,0.003177319,0.0031755795,0.0031751934,0.0031763026,0.0031754647,0.0031766528,0.0031756584,0.0031751057,0.003175047,0.0031751103,0.003175015,0.0031754363,0.0031752565,0.0031750996,0.0031750575,0.003175097,0.0031868932,0.0031750347,0.0031751238,0.9924557,0.9920455,0.9923431
