Module,0.5_sum_abs,0.6_sum_abs,0.7_sum_abs,0.8_sum_abs,0.9_sum_abs,1_sum_abs,0.5_sum,0.6_sum,0.7_sum,0.8_sum,0.9_sum,1_sum,0.5_sum_ADRN,0.5_sum_MES,0.6_sum_ADRN,0.6_sum_MES,0.7_sum_ADRN,0.7_sum_MES,0.8_sum_ADRN,0.8_sum_MES,0.9_sum_ADRN,0.9_sum_MES,1_sum_ADRN,1_sum_MES,
output_module,20.0,20.0,20.0,20.0,20.0,0.0,11.056314468383789,11.056314468383789,11.056314468383789,11.056314468383789,11.056314468383789,0.0,8.056316375732422,3.0,8.056316375732422,3.0,8.056316375732422,3.0,8.056316375732422,3.0,8.056316375732422,3.0,0.0,0.0,
output_module_residual,0.5566460490226746,0.5566460490226746,0.5566460490226746,0.5566460490226746,0.5566460490226746,0.0,0.5566460490226746,0.5566460490226746,0.5566460490226746,0.5566460490226746,0.5566460490226746,0.0,0.48373138904571533,0.07291460782289505,0.48373138904571533,0.07291460782289505,0.48373138904571533,0.07291460782289505,0.48373138904571533,0.07291460782289505,0.48373138904571533,0.07291460782289505,0.0,0.0,
