,TARGET-30-PASHFA-01,TH06_0284_S01,TARGET-30-PANBMJ-01,TARGET-30-PATFXV-01,TARGET-30-PAPTDH-01,TARGET-30-PARHAM-01,TARGET-30-PAPBZI-01,TARGET-30-PALWVJ-01,TARGET-30-PATYIL-01,TARGET-30-PAPTLV-01,TARGET-30-PANZVU-01,TARGET-30-PASRFS-01,TARGET-30-PARACS-01,TH40_2255_S01,TARGET-30-PANBJH-01,TARGET-30-PATEPF-01,TARGET-30-PAPZYP-01,TH40_2235_S01,TARGET-30-PARKGJ-01,TH06_0649_S01
ADRN,0.9985245,0.00418431,0.9985247,0.9985252,0.9984744,0.9985252,0.9985252,0.9985184,0.9985252,0.9985018,0.9985252,0.9985252,0.9985241,0.99852496,0.9985252,0.9985252,0.99851936,0.0038450875,0.003997035,0.9979838
MES,0.0014755763,0.9958157,0.0014752417,0.0014748457,0.0015256288,0.0014748204,0.0014748767,0.0014815826,0.0014748395,0.0014982962,0.0014747952,0.0014747698,0.0014759206,0.0014750127,0.0014748051,0.0014748065,0.0014806476,0.99615496,0.996003,0.0020161942
