Module,0.5_sum_abs,0.6_sum_abs,0.7_sum_abs,0.8_sum_abs,0.9_sum_abs,1_sum_abs,0.5_sum,0.6_sum,0.7_sum,0.8_sum,0.9_sum,1_sum,0.5_sum_female,0.5_sum_male,0.6_sum_female,0.6_sum_male,0.7_sum_female,0.7_sum_male,0.8_sum_female,0.8_sum_male,0.9_sum_female,0.9_sum_male,1_sum_female,1_sum_male,
MNNOutput,170.2136993408203,169.11199951171875,166.7318572998047,165.80520629882812,0.0,0.0,164.32318115234375,163.5159454345703,163.41732788085938,162.4906768798828,0.0,0.0,85.59771728515625,78.7254638671875,85.59771728515625,77.91822052001953,85.59771728515625,77.81959533691406,84.67108154296875,77.81959533691406,0.0,0.0,0.0,0.0,
MNNOutput_residual,7.6768293380737305,7.484065532684326,6.582686424255371,6.509332180023193,0.0,0.0,7.6768293380737305,7.484065532684326,6.582686424255371,6.509332180023193,0.0,0.0,3.402279853820801,4.2745490074157715,3.402279853820801,4.081785678863525,3.402279853820801,3.1804065704345703,3.3289260864257812,3.1804065704345703,0.0,0.0,0.0,0.0,
