Module,0.5_sum,0.6_sum,0.7_sum,0.8_sum,0.9_sum,1_sum,
output_module,147.28726196289062,146.8136749267578,146.0183563232422,137.3275146484375,0.0,0.0,73.09664916992188,74.19059753417969,72.62307739257812,74.19059753417969,71.82775115966797,74.19059753417969,65.81025695800781,71.51725006103516,0.0,0.0,0.0,0.0,
output_module_residual,12.712746620178223,11.186321258544922,10.981645584106445,9.672487258911133,0.0,0.0,6.903349876403809,5.809397220611572,5.376924991607666,5.809397220611572,5.172248840332031,5.809397220611572,4.189743995666504,5.482743740081787,0.0,0.0,0.0,0.0,
