Module,0.5_sum,0.6_sum,0.7_sum,0.8_sum,0.9_sum,1_sum,
logic1,68.78170013427734,65.34820556640625,65.34884643554688,61.38269805908203,0.0,0.0,35.811519622802734,32.970176696777344,32.378028869628906,32.970176696777344,32.3786735534668,32.970176696777344,24.955881118774414,36.426815032958984,0.0,0.0,0.0,0.0,
logic1_residual,4.198180675506592,3.8364462852478027,3.843057632446289,3.796830654144287,0.0,0.0,0.769237756729126,3.4289426803588867,0.4075029194355011,3.4289426803588867,0.4141148328781128,3.4289426803588867,0.5483176112174988,3.2485134601593018,0.0,0.0,0.0,0.0,
logic2,53.329803466796875,51.97896957397461,52.014366149902344,52.52610778808594,0.0,0.0,-11.836845397949219,65.16665649414062,-13.187682151794434,65.16665649414062,-13.152281761169434,65.16665649414062,-4.560405731201172,57.08651351928711,0.0,0.0,0.0,0.0,
logic2_residual,4.198180675506592,3.8364462852478027,3.843057632446289,3.796830654144287,0.0,0.0,0.769237756729126,3.4289426803588867,0.4075029194355011,3.4289426803588867,0.4141148328781128,3.4289426803588867,0.5483176112174988,3.2485134601593018,0.0,0.0,0.0,0.0,
logic_rnd,0.355122834444046,-0.051612019538879395,-0.05836954712867737,-0.10591655969619751,0.0,0.0,1.5995151996612549,-1.2443921566009521,1.1927803754806519,-1.2443921566009521,1.1860227584838867,-1.2443921566009521,1.0591866970062256,-1.1651033163070679,0.0,0.0,0.0,0.0,
logic_rnd_residual,4.198180675506592,3.8364462852478027,3.843057632446289,3.796830654144287,0.0,0.0,0.769237756729126,3.4289426803588867,0.4075029194355011,3.4289426803588867,0.4141148328781128,3.4289426803588867,0.5483176112174988,3.2485134601593018,0.0,0.0,0.0,0.0,
