Module,0.5_sum,0.6_sum,0.7_sum,0.8_sum,0.9_sum,1_sum,
output_module,180.50442504882812,179.00404357910156,174.692626953125,158.12538146972656,0.0,0.0,98.72921752929688,81.77521514892578,97.62316131591797,81.38088989257812,93.9291000366211,80.76350402832031,78.23954772949219,79.88582611083984,0.0,0.0,0.0,0.0,
output_module_residual,17.495574951171875,14.995951652526855,13.30738639831543,10.874624252319336,0.0,0.0,10.270794868469238,7.224781036376953,8.376838684082031,6.619112968444824,7.070899963378906,6.236485004425049,4.760449409484863,6.114173412322998,0.0,0.0,0.0,0.0,
