Module,0.5_sum,0.6_sum,0.7_sum,0.8_sum,0.9_sum,1_sum,
logic1,69.75386047363281,75.96293640136719,71.27710723876953,47.128360748291016,0.0,0.0,40.304656982421875,29.449203491210938,39.99446105957031,35.96847152709961,36.36426544189453,34.91284942626953,13.611687660217285,33.51667022705078,0.0,0.0,0.0,0.0,
logic1_residual,3.505911350250244,3.9759325981140137,4.05007791519165,4.372140884399414,0.0,0.0,0.1690887063741684,3.336822032928467,0.3670252561569214,3.6089072227478027,0.5127920508384705,3.537285804748535,0.9424261450767517,3.4297149181365967,0.0,0.0,0.0,0.0,
logic2,51.00566101074219,52.97174835205078,58.58542251586914,84.20745849609375,0.0,0.0,-23.634279251098633,74.63993835449219,-18.260854721069336,71.23260498046875,-13.027225494384766,71.61265563964844,12.737433433532715,71.47003173828125,0.0,0.0,0.0,0.0,
logic2_residual,3.505911350250244,3.9759325981140137,4.05007791519165,4.372140884399414,0.0,0.0,0.1690887063741684,3.336822032928467,0.3670252561569214,3.6089072227478027,0.5127920508384705,3.537285804748535,0.9424261450767517,3.4297149181365967,0.0,0.0,0.0,0.0,
logic_rnd,-0.2236729860305786,-0.39010313153266907,-0.4714314937591553,-0.7410244941711426,0.0,0.0,1.6694847345352173,-1.8931576013565063,1.5149180889129639,-1.9050211906433105,1.4213558435440063,-1.892787218093872,1.14022696018219,-1.881251335144043,0.0,0.0,0.0,0.0,
logic_rnd_residual,3.505911350250244,3.9759325981140137,4.05007791519165,4.372140884399414,0.0,0.0,0.1690887063741684,3.336822032928467,0.3670252561569214,3.6089072227478027,0.5127920508384705,3.537285804748535,0.9424261450767517,3.4297149181365967,0.0,0.0,0.0,0.0,
