Module,0.5_sum_abs,0.6_sum_abs,0.7_sum_abs,0.8_sum_abs,0.9_sum_abs,1_sum_abs,0.5_sum,0.6_sum,0.7_sum,0.8_sum,0.9_sum,1_sum,0.5_sum_female,0.5_sum_male,0.6_sum_female,0.6_sum_male,0.7_sum_female,0.7_sum_male,0.8_sum_female,0.8_sum_male,0.9_sum_female,0.9_sum_male,1_sum_female,1_sum_male,
MNNOutput,137.11167907714844,137.11167907714844,137.11167907714844,136.21002197265625,0.0,0.0,132.68142700195312,132.68142700195312,132.68142700195312,131.77975463867188,0.0,0.0,64.17986297607422,68.50155639648438,64.17986297607422,68.50155639648438,64.17986297607422,68.50155639648438,63.278202056884766,68.50155639648438,0.0,0.0,0.0,0.0,
MNNOutput_residual,5.318585395812988,5.318585395812988,5.318585395812988,5.22025203704834,0.0,0.0,5.318585395812988,5.318585395812988,5.318585395812988,5.22025203704834,0.0,0.0,2.820136785507202,2.4984493255615234,2.820136785507202,2.4984493255615234,2.820136785507202,2.4984493255615234,2.7218024730682373,2.4984493255615234,0.0,0.0,0.0,0.0,
