Module,0.5_sum_abs,0.6_sum_abs,0.7_sum_abs,0.8_sum_abs,0.9_sum_abs,1_sum_abs,0.5_sum,0.6_sum,0.7_sum,0.8_sum,0.9_sum,1_sum,0.5_sum_False_strg,0.5_sum_True_strg,0.6_sum_False_strg,0.6_sum_True_strg,0.7_sum_False_strg,0.7_sum_True_strg,0.8_sum_False_strg,0.8_sum_True_strg,0.9_sum_False_strg,0.9_sum_True_strg,1_sum_False_strg,1_sum_True_strg,
output_module,200.0,194.0,189.0,183.00001525878906,176.0,0.0,113.86412048339844,116.516357421875,116.0634536743164,113.45619201660156,109.15646362304688,0.0,61.6594352722168,52.20467758178711,62.3482666015625,54.168094635009766,61.86429977416992,54.199161529541016,59.25704574584961,54.199161529541016,56.33324432373047,52.82322692871094,0.0,0.0,
output_module_residual,9.769225120544434,8.01083755493164,7.390857696533203,6.8640289306640625,6.396661758422852,0.0,6.313235282897949,7.194278717041016,7.390857696533203,6.8640289306640625,6.396661758422852,0.0,2.4372878074645996,3.875947952270508,2.588667392730713,4.6056108474731445,2.517918586730957,4.872939109802246,1.9910895824432373,4.872939109802246,1.7463490962982178,4.650312423706055,0.0,0.0,
