Module,0.5_sum,0.6_sum,0.7_sum,0.8_sum,0.9_sum,1_sum,
logic1,292.4127197265625,289.194580078125,289.13433837890625,289.60595703125,0.0,0.0,38.613338470458984,253.79940795898438,38.613338470458984,250.5812225341797,40.68357849121094,248.45074462890625,41.69074630737305,247.9152069091797,0.0,0.0,0.0,0.0,
logic1_residual,15.914191246032715,15.588666915893555,15.625476837158203,15.550983428955078,0.0,0.0,4.669371604919434,11.244819641113281,4.669371604919434,10.919296264648438,4.822396755218506,10.803079605102539,4.919451713562012,10.63153076171875,0.0,0.0,0.0,0.0,
logic2,215.61825561523438,213.64280700683594,213.85935974121094,210.87490844726562,0.0,0.0,39.78078079223633,175.83746337890625,39.78078079223633,173.86203002929688,39.7953987121582,174.06396484375,39.791168212890625,171.083740234375,0.0,0.0,0.0,0.0,
logic2_residual,15.914191246032715,15.588666915893555,15.625476837158203,15.550983428955078,0.0,0.0,4.669371604919434,11.244819641113281,4.669371604919434,10.919296264648438,4.822396755218506,10.803079605102539,4.919451713562012,10.63153076171875,0.0,0.0,0.0,0.0,
logic_rnd,-17.80620574951172,-16.825132369995117,-17.697874069213867,-17.279525756835938,0.0,0.0,40.1895637512207,-57.99577331542969,40.1895637512207,-57.01469421386719,38.95455551147461,-56.652435302734375,38.406829833984375,-55.68635559082031,0.0,0.0,0.0,0.0,
logic_rnd_residual,15.914191246032715,15.588666915893555,15.625476837158203,15.550983428955078,0.0,0.0,4.669371604919434,11.244819641113281,4.669371604919434,10.919296264648438,4.822396755218506,10.803079605102539,4.919451713562012,10.63153076171875,0.0,0.0,0.0,0.0,
