Module,0.5_sum_abs,0.6_sum_abs,0.7_sum_abs,0.8_sum_abs,0.9_sum_abs,1_sum_abs,0.5_sum,0.6_sum,0.7_sum,0.8_sum,0.9_sum,1_sum,0.5_sum_ADRN,0.5_sum_MES,0.6_sum_ADRN,0.6_sum_MES,0.7_sum_ADRN,0.7_sum_MES,0.8_sum_ADRN,0.8_sum_MES,0.9_sum_ADRN,0.9_sum_MES,1_sum_ADRN,1_sum_MES,
output_module,20.0,20.0,20.0,20.0,20.0,0.0,18.534421920776367,18.534421920776367,18.534421920776367,18.534421920776367,18.534421920776367,0.0,15.345216751098633,3.18920636177063,15.345216751098633,3.18920636177063,15.345216751098633,3.18920636177063,15.345216751098633,3.18920636177063,15.345216751098633,3.18920636177063,0.0,0.0,
output_module_residual,0.8042930364608765,0.8042930364608765,0.8042930364608765,0.8042930364608765,0.8042930364608765,0.0,0.8042930364608765,0.8042930364608765,0.8042930364608765,0.8042930364608765,0.8042930364608765,0.0,0.639025092124939,0.1652679145336151,0.639025092124939,0.1652679145336151,0.639025092124939,0.1652679145336151,0.639025092124939,0.1652679145336151,0.639025092124939,0.1652679145336151,0.0,0.0,
