,TARGET-30-PAPUNH-01,TARGET-30-PASUYG-01,TARGET-30-PASSWW-01,TARGET-30-PATCFL-01,TH27_1403_S01,TARGET-30-PANRHJ-01,TARGET-30-PARHAM-02,TARGET-30-PAIFXV-01,TARGET-30-PANRRW-01,TARGET-30-PAUDDK-02,TARGET-30-PASNEF-01,TARGET-30-PAPVXS-01,TARGET-30-PAMZMG-01,TARGET-30-PATHKB-01,TARGET-30-PANRVJ-01,TARGET-30-PAIVHE-01,TARGET-30-PASMDM-01,TH06_0628_S01,TARGET-30-PAIXIF-01,TARGET-30-PANSBN-01
ADRN,0.9921659,0.9921542,0.99216205,0.9921726,0.98415965,0.99206924,0.99218583,0.043964244,0.992153,0.9921663,0.9922158,0.9920947,0.99212205,0.9922212,0.95726323,0.991708,0.99219126,0.011427923,0.01143369,0.011432131
MES,0.007834134,0.007845827,0.007837955,0.007827383,0.015840366,0.0079307575,0.007814129,0.9560358,0.007846992,0.007833725,0.007784234,0.007905336,0.007878012,0.0077788397,0.042736728,0.008292022,0.007808733,0.988572,0.98856634,0.9885678
