Module,0.5_sum,0.6_sum,0.7_sum,0.8_sum,0.9_sum,1_sum,
output_module,150.4336700439453,150.4336700439453,150.4336700439453,148.7076873779297,0.0,0.0,73.71739196777344,76.71627044677734,73.71739196777344,76.71627044677734,73.71739196777344,76.71627044677734,72.83946228027344,75.86821746826172,0.0,0.0,0.0,0.0,
output_module_residual,9.566335678100586,9.566335678100586,9.566335678100586,9.29232120513916,0.0,0.0,3.282618999481201,6.283716201782227,3.282618999481201,6.283716201782227,3.282618999481201,6.283716201782227,3.1605381965637207,6.131782531738281,0.0,0.0,0.0,0.0,
