Module,0.5_sum,0.6_sum,0.7_sum,0.8_sum,0.9_sum,1_sum,
logic1,61.7620849609375,61.7620849609375,61.7620849609375,61.21440887451172,0.0,0.0,3.432077646255493,58.33000564575195,3.432077646255493,58.33000564575195,3.432077646255493,58.33000564575195,4.788234710693359,56.42617416381836,0.0,0.0,0.0,0.0,
logic1_residual,3.6416537761688232,3.6416537761688232,3.6416537761688232,3.5537796020507812,0.0,0.0,1.2432000637054443,2.398453712463379,1.2432000637054443,2.398453712463379,1.2432000637054443,2.398453712463379,1.2375516891479492,2.316227912902832,0.0,0.0,0.0,0.0,
logic2,61.267723083496094,61.267723083496094,61.267723083496094,61.00104522705078,0.0,0.0,28.955101013183594,32.312618255615234,28.955101013183594,32.312618255615234,28.955101013183594,32.312618255615234,27.96762466430664,33.033416748046875,0.0,0.0,0.0,0.0,
logic2_residual,3.6416537761688232,3.6416537761688232,3.6416537761688232,3.5537796020507812,0.0,0.0,1.2432000637054443,2.398453712463379,1.2432000637054443,2.398453712463379,1.2432000637054443,2.398453712463379,1.2375516891479492,2.316227912902832,0.0,0.0,0.0,0.0,
logic_rnd,0.04783165454864502,0.04783165454864502,0.04783165454864502,0.05382101982831955,0.0,0.0,1.1106313467025757,-1.0627999305725098,1.1106313467025757,-1.0627999305725098,1.1106313467025757,-1.0627999305725098,1.0835003852844238,-1.0296791791915894,0.0,0.0,0.0,0.0,
logic_rnd_residual,3.6416537761688232,3.6416537761688232,3.6416537761688232,3.5537796020507812,0.0,0.0,1.2432000637054443,2.398453712463379,1.2432000637054443,2.398453712463379,1.2432000637054443,2.398453712463379,1.2375516891479492,2.316227912902832,0.0,0.0,0.0,0.0,
