Module,0.5_sum,0.6_sum,0.7_sum,0.8_sum,0.9_sum,1_sum,
output_module,151.58209228515625,151.58209228515625,151.58209228515625,149.90016174316406,0.0,0.0,70.63119506835938,80.9509048461914,70.63119506835938,80.9509048461914,70.63119506835938,80.9509048461914,69.79008483886719,80.11009216308594,0.0,0.0,0.0,0.0,
output_module_residual,8.417898178100586,8.417898178100586,8.417898178100586,8.099835395812988,0.0,0.0,3.368804454803467,5.049094200134277,3.368804454803467,5.049094200134277,3.368804454803467,5.049094200134277,3.2099270820617676,4.889908790588379,0.0,0.0,0.0,0.0,
