Module,0.5_sum,0.6_sum,0.7_sum,0.8_sum,0.9_sum,1_sum,
logic1,73.51318359375,73.51318359375,73.51318359375,73.74574279785156,0.0,0.0,28.355993270874023,45.15719223022461,28.355993270874023,45.15719223022461,28.355993270874023,45.15719223022461,31.44436264038086,42.30137634277344,0.0,0.0,0.0,0.0,
logic1_residual,3.9349842071533203,3.9349842071533203,3.9349842071533203,3.932018280029297,0.0,0.0,1.119842529296875,2.815141439437866,1.119842529296875,2.815141439437866,1.119842529296875,2.815141439437866,1.230726718902588,2.701291561126709,0.0,0.0,0.0,0.0,
logic2,45.280208587646484,45.280208587646484,45.280208587646484,44.38105010986328,0.0,0.0,0.9256471395492554,44.35456085205078,0.9256471395492554,44.35456085205078,0.9256471395492554,44.35456085205078,-1.514676570892334,45.89572525024414,0.0,0.0,0.0,0.0,
logic2_residual,3.9349842071533203,3.9349842071533203,3.9349842071533203,3.932018280029297,0.0,0.0,1.119842529296875,2.815141439437866,1.119842529296875,2.815141439437866,1.119842529296875,2.815141439437866,1.230726718902588,2.701291561126709,0.0,0.0,0.0,0.0,
logic_rnd,0.4274379014968872,0.4274379014968872,0.4274379014968872,0.44760698080062866,0.0,0.0,1.3365864753723145,-0.9091486930847168,1.3365864753723145,-0.9091486930847168,1.3365864753723145,-0.9091486930847168,1.2462637424468994,-0.7986568808555603,0.0,0.0,0.0,0.0,
logic_rnd_residual,3.9349842071533203,3.9349842071533203,3.9349842071533203,3.932018280029297,0.0,0.0,1.119842529296875,2.815141439437866,1.119842529296875,2.815141439437866,1.119842529296875,2.815141439437866,1.230726718902588,2.701291561126709,0.0,0.0,0.0,0.0,
