Module,0.5_sum,0.6_sum,0.7_sum,0.8_sum,0.9_sum,1_sum,
output_module,184.4671173095703,183.8657989501953,183.8657989501953,177.79861450195312,0.0,0.0,91.09381866455078,93.37329864501953,91.09381866455078,92.77197265625,91.09381866455078,92.77197265625,87.5591049194336,90.23951721191406,0.0,0.0,0.0,0.0,
output_module_residual,13.532882690429688,13.134206771850586,13.134206771850586,12.201375961303711,0.0,0.0,5.906180381774902,7.626703262329102,5.906180381774902,7.228026390075684,5.906180381774902,7.228026390075684,5.440892219543457,6.7604827880859375,0.0,0.0,0.0,0.0,
