Module,0.5_sum,0.6_sum,0.7_sum,0.8_sum,0.9_sum,1_sum,
logic1,82.12449645996094,75.18431091308594,75.18431091308594,68.64773559570312,0.0,0.0,16.410907745361328,65.71359252929688,16.410907745361328,58.77341079711914,16.410907745361328,58.77341079711914,12.94729232788086,55.700439453125,0.0,0.0,0.0,0.0,
logic1_residual,5.130236625671387,5.016811847686768,5.016811847686768,4.62477970123291,0.0,0.0,0.9613958597183228,4.1688408851623535,0.9613958597183228,4.055416107177734,0.9613958597183228,4.055416107177734,0.975658655166626,3.6491212844848633,0.0,0.0,0.0,0.0,
logic2,78.28963470458984,81.69195556640625,81.69195556640625,84.64550018310547,0.0,0.0,11.759535789489746,66.53010559082031,11.759535789489746,69.93241882324219,11.759535789489746,69.93241882324219,16.711349487304688,67.93415832519531,0.0,0.0,0.0,0.0,
logic2_residual,5.130236625671387,5.016811847686768,5.016811847686768,4.62477970123291,0.0,0.0,0.9613958597183228,4.1688408851623535,0.9613958597183228,4.055416107177734,0.9613958597183228,4.055416107177734,0.975658655166626,3.6491212844848633,0.0,0.0,0.0,0.0,
logic_rnd,-2.3086588382720947,-1.754597783088684,-1.754597783088684,-1.6139068603515625,0.0,0.0,10.382678985595703,-12.691337585449219,10.382678985595703,-12.137275695800781,10.382678985595703,-12.137275695800781,9.694717407226562,-11.308624267578125,0.0,0.0,0.0,0.0,
logic_rnd_residual,5.130236625671387,5.016811847686768,5.016811847686768,4.62477970123291,0.0,0.0,0.9613958597183228,4.1688408851623535,0.9613958597183228,4.055416107177734,0.9613958597183228,4.055416107177734,0.975658655166626,3.6491212844848633,0.0,0.0,0.0,0.0,
