Module,0.5_sum_abs,0.6_sum_abs,0.7_sum_abs,0.8_sum_abs,0.9_sum_abs,1_sum_abs,0.5_sum,0.6_sum,0.7_sum,0.8_sum,0.9_sum,1_sum,0.5_sum_ADRN,0.5_sum_MES,0.6_sum_ADRN,0.6_sum_MES,0.7_sum_ADRN,0.7_sum_MES,0.8_sum_ADRN,0.8_sum_MES,0.9_sum_ADRN,0.9_sum_MES,1_sum_ADRN,1_sum_MES,
output_module,21.0,21.0,21.0,20.0,20.0,0.0,18.68781089782715,18.68781089782715,18.68781089782715,17.687808990478516,17.687808990478516,0.0,14.6878080368042,4.0,14.6878080368042,4.0,14.6878080368042,4.0,14.6878080368042,3.0,14.6878080368042,3.0,0.0,0.0,
output_module_residual,1.3212682008743286,1.3212682008743286,1.3212682008743286,1.2056150436401367,1.2056150436401367,0.0,1.3212682008743286,1.3212682008743286,1.3212682008743286,1.2056150436401367,1.2056150436401367,0.0,1.1122463941574097,0.20902183651924133,1.1122463941574097,0.20902183651924133,1.1122463941574097,0.20902183651924133,1.1122463941574097,0.0933685153722763,1.1122463941574097,0.0933685153722763,0.0,0.0,
