,THR31_0882_S01,TARGET-30-PANBSP-01,TARGET-30-PAPKXS-01,TARGET-30-PAITCI-01,TARGET-30-PASFIC-01,TH40_2249_S01,TARGET-30-PALUYS-01,TARGET-30-PANZRV-01,TARGET-30-PAPHPE-01,TARGET-30-PASXGP-01,TARGET-30-PARGKK-01,TARGET-30-PASTCN-01,TARGET-30-PASWYR-01,TARGET-30-PATNKP-02,TARGET-30-PASCTR-01,TARGET-30-PAPVRN-01,TARGET-30-PARJVP-01,TARGET-30-PARZIP-01,TARGET-30-PASMJG-01,TARGET-30-PAPTAN-01,TARGET-30-PALKUC-01
ADRN,0.99136955,0.99145186,0.9914984,0.9912178,0.98344004,0.26041567,0.9914908,0.9915017,0.9914915,0.9915045,0.9912403,0.99149305,0.99150497,0.99150145,0.99146724,0.99056715,0.9915063,0.9915029,0.011498509,0.011538288,0.011502823
MES,0.008630427,0.008548144,0.008501618,0.008782172,0.016559955,0.7395843,0.008509203,0.008498295,0.008508519,0.008495474,0.008759661,0.008506922,0.008495075,0.008498492,0.008532717,0.009432845,0.008493712,0.008497142,0.98850155,0.98846173,0.98849714
