metric,test,val,train,
acc,0.9625,0.9797979797979798,0.98125,
f1,0.9624471913628541,0.9797979797979798,0.981249816892743,
loss,0.4187179207801819,0.4059032201766968,0.40548935532569885,
sens,0.9651162790697674,0.9797979797979798,0.9812687995624829,
spec,0.9625,0.9797979797979798,0.98125,
mcc,0.9276125895432153,0.9595959595959596,0.9625187993788897,
ep,9