Module,0.5_sum_abs,0.6_sum_abs,0.7_sum_abs,0.8_sum_abs,0.9_sum_abs,1_sum_abs,0.5_sum,0.6_sum,0.7_sum,0.8_sum,0.9_sum,1_sum,0.5_sum_ADRN,0.5_sum_MES,0.6_sum_ADRN,0.6_sum_MES,0.7_sum_ADRN,0.7_sum_MES,0.8_sum_ADRN,0.8_sum_MES,0.9_sum_ADRN,0.9_sum_MES,1_sum_ADRN,1_sum_MES,
output_module,21.0,21.0,20.0,20.0,20.0,0.0,20.186166763305664,20.186166763305664,19.186166763305664,19.186166763305664,19.186166763305664,0.0,18.000001907348633,2.1861674785614014,18.000001907348633,2.1861674785614014,17.000001907348633,2.1861674785614014,17.000001907348633,2.1861674785614014,17.000001907348633,2.1861674785614014,0.0,0.0,
output_module_residual,0.9104771018028259,0.9104771018028259,0.5303825736045837,0.5303825736045837,0.5303825736045837,0.0,0.9104771018028259,0.9104771018028259,0.5303825736045837,0.5303825736045837,0.5303825736045837,0.0,0.7656864523887634,0.14479056000709534,0.7656864523887634,0.14479056000709534,0.385591983795166,0.14479056000709534,0.385591983795166,0.14479056000709534,0.385591983795166,0.14479056000709534,0.0,0.0,
