,TARGET-30-PAPUAR-01,TARGET-30-PARDIW-01,TARGET-30-PASXHE-01,TARGET-30-PATYIL-02,TARGET-30-PARBAJ-02,TARGET-30-PASXRG-01,TARGET-30-PARZCJ-01,TARGET-30-PARBAJ-01,TARGET-30-PARNNC-01,TARGET-30-PALTEG-01,TARGET-30-PATGLU-01,TARGET-30-PAPUEB-01,TARGET-30-PATBMM-01,TARGET-30-PARYNK-01,TARGET-30-PASJZC-01,TARGET-30-PALXTB-01,TH40_2229_S01,TH27_0692_S01,TARGET-30-PANXJL-01,TARGET-30-PAPZYZ-01,TARGET-30-PARZCJ-02
ADRN,0.997996,0.9979971,0.997996,0.9979962,0.99799675,0.9979965,0.9980002,0.9979983,0.99798536,0.9979924,0.99799466,0.99799585,0.9979977,0.9979963,0.99799734,0.99799585,0.9979965,0.63416326,0.006010224,0.00596125,0.005936729
MES,0.0020040409,0.0020028164,0.0020040628,0.0020038215,0.0020031778,0.002003503,0.0019998397,0.0020016464,0.0020145846,0.0020076463,0.0020053394,0.0020041647,0.0020022325,0.0020037023,0.0020026355,0.002004138,0.0020034602,0.36583677,0.9939898,0.9940388,0.9940633
