Module,0.5_sum_abs,0.6_sum_abs,0.7_sum_abs,0.8_sum_abs,0.9_sum_abs,1_sum_abs,0.5_sum,0.6_sum,0.7_sum,0.8_sum,0.9_sum,1_sum,0.5_sum_female,0.5_sum_male,0.6_sum_female,0.6_sum_male,0.7_sum_female,0.7_sum_male,0.8_sum_female,0.8_sum_male,0.9_sum_female,0.9_sum_male,1_sum_female,1_sum_male,
MNNOutput,138.4908905029297,138.02197265625,138.02197265625,133.5726776123047,0.0,0.0,130.85498046875,130.4623565673828,130.4623565673828,127.07662200927734,0.0,0.0,63.32406997680664,67.53091430664062,63.32406997680664,67.13829040527344,63.32406997680664,67.13829040527344,59.93832778930664,67.13829040527344,0.0,0.0,0.0,0.0,
MNNOutput_residual,7.145016670227051,6.537640571594238,6.537640571594238,5.92338752746582,0.0,0.0,7.145016670227051,6.537640571594238,6.537640571594238,5.92338752746582,0.0,0.0,3.6759285926818848,3.469088315963745,3.6759285926818848,2.8617122173309326,3.6759285926818848,2.8617122173309326,3.0616750717163086,2.8617122173309326,0.0,0.0,0.0,0.0,
