,mean,median,std,min,max
acc,0.9626262626262626,0.9671717171717171,0.018097447340574654,0.9242424242424243,0.98989898989899
f1,0.9625750963019227,0.9671661121394597,0.018179726408526546,0.923914435762777,0.98989898989899
loss,0.42969028651714325,0.4193471372127533,0.025024777843863432,0.3949512839317322,0.47511526942253113
sens,0.9640523009214265,0.9674811354316147,0.01614323891358973,0.9316860465116279,0.98989898989899
spec,0.9626262626262626,0.9671717171717171,0.018097447340574654,0.9242424242424243,0.98989898989899
mcc,0.9266740505036012,0.9346527937752502,0.03421913157092308,0.8558961032361835,0.9797979797979798
ep,8.9,9.0,0.3,8.0,9.0
