,mean,median,std,min,max
acc,0.9556250000000001,0.95625,0.01733178077982756,0.925,0.9875
f1,0.9555908628648023,0.9562414523401276,0.017360390990262053,0.925,0.9874980465697765
loss,0.4329403698444366,0.42183442413806915,0.020878079643395994,0.41045308113098145,0.47070273756980896
sens,0.9567555540642715,0.9566069026442164,0.016795956192775217,0.925,0.9878048780487805
spec,0.9556250000000001,0.95625,0.01733178077982756,0.925,0.9875
mcc,0.912378298737458,0.9128567882316975,0.03409460097918897,0.85,0.9753048303966929
ep,8.9,9.0,0.3,8.0,9.0
