,mean_ratio,median_ratio,std_ratio,min_ratio,max_ratio,names,over_std_mean_ratio,over_std_median_ratio
logic1,0.6515274191888583,0.5936259792617314,0.1427663782003303,0.5018140184682809,1.0165170852380407,logic1_name,True,True
logic2,0.3550698831587802,0.40763256143234483,0.1447719162809786,-0.0059367617816781315,0.49779735160133015,logic2_name,True,False
logic_rnd,-0.006597302347638512,-0.0050958467629868606,0.015245407306311411,-0.033134519111711544,0.02091117326539641,logic_rnd_name,False,False
