,mean_ratio,median_ratio,std_ratio,min_ratio,max_ratio,names,over_std_mean_ratio,over_std_median_ratio
logic1,0.5814899702370557,0.5770757500288861,0.05131569362513548,0.5018140184682809,0.675759402304041,logic1_name,True,False
logic2,0.4260024993713018,0.43530958656230767,0.0582814866530574,0.3174820035398148,0.5112203339744666,logic2_name,True,False
logic_rnd,-0.007492469608357556,-0.000539280022869203,0.0162210680454324,-0.04508775318335035,0.010780829726681998,logic_rnd_name,False,False
