,mean_ratio,median_ratio,std_ratio,min_ratio,max_ratio,names,over_std_mean_ratio,over_std_median_ratio
logic1,0.5574027524212026,0.5650316542758009,0.06947210485704713,0.43551237028878115,0.6761440169557011,logic1_name,True,False
logic2,0.4487414460458008,0.4553797975428939,0.07424687495689945,0.3160222065758644,0.5734157809405072,logic2_name,True,False
logic_rnd,-0.00614419846700341,-5.447931139654312e-05,0.015815623891238854,-0.04032531508420765,0.010780829726681998,logic_rnd_name,False,False
