,mean_ratio,median_ratio,std_ratio,min_ratio,max_ratio,names,over_std_mean_ratio,over_std_median_ratio
logic1,0.49308620171547296,0.5436873720425652,0.15588266546787108,0.05296861884732049,0.621936462399876,logic1_name,True,False
logic2,0.5131621617574732,0.46214201658736165,0.15628796378956383,0.3742886335633212,0.9538813296055098,logic2_name,True,False
logic_rnd,-0.006248363472946022,-0.003865545055398514,0.014879463937508967,-0.03662779414045665,0.01102817262303362,logic_rnd_name,False,False
