,mean_ratio,median_ratio,std_ratio,min_ratio,max_ratio,names,hsa,over_std_mean_ratio,over_std_median_ratio
f1,0.32169350077238346,0.3668130080761479,0.1520210080884393,0.07352689049792728,0.5912298997942218,f1_name,f1,True,True
f2,0.3304563987911281,0.293672404390255,0.11555353504453321,0.12833501598769737,0.5268172824885158,f2_name,f2,True,True
f3,0.1551126758809634,0.18289532259343513,0.15027497969628756,-0.1345976902449671,0.4060084139760414,f3_name,f3,True,False
f4,0.19656511638756674,0.16649844356100912,0.11221883196483444,0.07872611876687856,0.46088157980431316,f4_name,f4,True,False
f5_rnd,-0.0013778731550476732,0.0011570768529729283,0.017952695186465764,-0.04482175202153382,0.028031434941234567,f5_rnd_name,f5_rnd,False,False
f6_rnd,-0.002483053758085864,-0.0022518948215247167,0.006719380627089718,-0.015690591891837986,0.00955205560565409,,,False,False
f7_rnd,0.0009058522272881543,0.0001642965186361805,0.0032431533167849064,-0.00401591594261717,0.00730622381575904,f7_rnd_name,f7_rnd,False,False
f8_rnd,-0.0008726171461962542,-0.0001394987801489831,0.0054204082121198744,-0.015699311737528785,0.006593956326347231,f8_rnd_name,f8_rnd,False,False
