,mean_ratio,median_ratio,std_ratio,min_ratio,max_ratio,names,hsa,over_std_mean_ratio,over_std_median_ratio
f1,0.27391524710012277,0.29210301049708665,0.11770465499674347,0.053338914505575694,0.4206411531350281,f1_name,f1,True,True
f2,0.3025637592336889,0.30168907546633683,0.0916713081250002,0.135093627027199,0.45289542320133214,f2_name,f2,True,True
f3,0.2091658644033349,0.18658859962892044,0.0843744999534364,0.07408909064667647,0.4060084139760414,f3_name,f3,True,False
f4,0.22087573375577194,0.20510110117358238,0.06447243768089482,0.1556048981207915,0.3728100981633236,f4_name,f4,True,False
f5_rnd,-0.002956440272262147,-0.004736034951853232,0.011181586038798366,-0.017409421835938032,0.017831552286061026,f5_rnd_name,f5_rnd,False,False
f6_rnd,-0.003696462820827296,-0.005198685776131385,0.0052339538939270005,-0.011253964345833865,0.004047945824489508,,,False,False
f7_rnd,0.00040012309476516377,0.0004978716674806022,0.0012250086029709979,-0.0015871746270421589,0.002727021570943981,f7_rnd_name,f7_rnd,False,False
f8_rnd,-0.00026782449459422793,-9.823978472413676e-05,0.004205264609543038,-0.010618906308862851,0.007901547305487715,f8_rnd_name,f8_rnd,False,False
