,mean_ratio,median_ratio,std_ratio,min_ratio,max_ratio,names,hsa,over_std_mean_ratio,over_std_median_ratio
f1,0.2493654650009831,0.2671648844511394,0.1350714398536328,0.046241801087874526,0.43024786465093706,f1_name,f1,True,True
f2,0.29830942905097746,0.2926477250010102,0.09513759339697003,0.12507780019924045,0.45249619787107115,f2_name,f2,True,True
f3,0.2251871903172069,0.20973440902441604,0.09098618741728091,0.07474733999693373,0.4060084139760414,f3_name,f3,True,False
f4,0.23379978169768542,0.22299383477591578,0.06965472657637789,0.13784941926851044,0.37235182040478537,f4_name,f4,True,False
f5_rnd,-0.003702030817746656,-0.004192798762083748,0.012084299192995935,-0.022478137104212464,0.017831552286061026,f5_rnd_name,f5_rnd,False,False
f6_rnd,-0.0032061055431778763,-0.004558908567488471,0.004418758675551477,-0.00886546413139852,0.004047945824489508,,,False,False
f7_rnd,-9.780384221808082e-05,0.0001725749140243376,0.0011884351867257525,-0.0021327890644138904,0.0017129416031545462,f7_rnd_name,f7_rnd,False,False
f8_rnd,0.00034407413628975583,6.643915553727851e-05,0.003062131366193574,-0.00533187676805586,0.007901547305487715,f8_rnd_name,f8_rnd,False,False
