,mean_ratio,median_ratio,std_ratio,min_ratio,max_ratio,names,hsa,over_std_mean_ratio,over_std_median_ratio
f1,0.23711966635250703,0.24838960372378996,0.13078120678680336,0.005385589644716689,0.4186145361324466,f1_name,f1,True,True
f2,0.25420999961712176,0.2509941543133605,0.10339209049847208,0.06723418712640566,0.4310563246349651,f2_name,f2,True,True
f3,0.23682808165483996,0.23890791334623374,0.08958518906405673,0.06851567118690993,0.39141789288525525,f3_name,f3,True,False
f4,0.2811740749668072,0.24263311757472722,0.12233591938259682,0.1673042448813068,0.597876694803303,f4_name,f4,True,False
f5_rnd,-0.0032600335388792813,-0.002374313174845228,0.00992827577926959,-0.017382890873801314,0.01469442766518567,f5_rnd_name,f5_rnd,False,False
f6_rnd,-0.006179971163231246,-0.005777856090761174,0.006174789277485362,-0.015389496298704302,0.004515213757642662,,,False,False
f7_rnd,6.474135196524568e-07,-4.993840929901706e-07,0.0007322333160299791,-0.0012192431871986815,0.001355530077261405,f7_rnd_name,f7_rnd,False,False
f8_rnd,0.00010753469731502128,-0.00028551885287770814,0.0037302731320510243,-0.007725503872581895,0.008458982502833643,f8_rnd_name,f8_rnd,False,False
