Module,0.5_sum_abs,0.6_sum_abs,0.7_sum_abs,0.8_sum_abs,0.9_sum_abs,1_sum_abs,0.5_sum,0.6_sum,0.7_sum,0.8_sum,0.9_sum,1_sum,0.5_sum_False_strg,0.5_sum_True_strg,0.6_sum_False_strg,0.6_sum_True_strg,0.7_sum_False_strg,0.7_sum_True_strg,0.8_sum_False_strg,0.8_sum_True_strg,0.9_sum_False_strg,0.9_sum_True_strg,1_sum_False_strg,1_sum_True_strg,
output_module,100.0,98.0,95.0,92.0,84.0,0.0,71.41419982910156,69.41419982910156,70.4286117553711,67.68453216552734,61.210758209228516,0.0,30.454179763793945,40.960018157958984,28.454179763793945,40.960018157958984,29.46859359741211,40.960018157958984,28.505640029907227,39.17888641357422,25.41277503967285,35.79798126220703,0.0,0.0,
output_module_residual,6.48621940612793,6.201830863952637,5.218973159790039,4.950126647949219,4.338523864746094,0.0,4.739137649536133,4.45474910736084,5.218973159790039,4.950126647949219,4.338523864746094,0.0,2.591668128967285,2.1474695205688477,2.307279109954834,2.1474695205688477,3.0715041160583496,2.1474695205688477,2.975375175476074,1.974752426147461,2.5837583541870117,1.754765272140503,0.0,0.0,
