Module,0.5_sum_abs,0.6_sum_abs,0.7_sum_abs,0.8_sum_abs,0.9_sum_abs,1_sum_abs,0.5_sum,0.6_sum,0.7_sum,0.8_sum,0.9_sum,1_sum,0.5_sum_False_strg,0.5_sum_True_strg,0.6_sum_False_strg,0.6_sum_True_strg,0.7_sum_False_strg,0.7_sum_True_strg,0.8_sum_False_strg,0.8_sum_True_strg,0.9_sum_False_strg,0.9_sum_True_strg,1_sum_False_strg,1_sum_True_strg,
output_module,100.0,94.0,92.0,86.0,81.0,0.0,91.88063049316406,89.74219512939453,89.28628540039062,86.0,81.0,0.0,39.20221710205078,52.678401947021484,38.742191314697266,51.0,38.286285400390625,51.0,35.0,51.0,30.0,51.0,0.0,0.0,
output_module_residual,8.73811149597168,7.3159284591674805,6.864880561828613,4.582861423492432,3.57448410987854,0.0,4.970918655395508,4.864535331726074,5.067481994628906,4.582861423492432,3.57448410987854,0.0,2.122225761413574,2.8486928939819336,2.4774014949798584,2.387134313583374,2.6803479194641113,2.387134313583374,2.1957273483276367,2.387134313583374,1.1873500347137451,2.387134313583374,0.0,0.0,
