Module,0.5_sum_abs,0.6_sum_abs,0.7_sum_abs,0.8_sum_abs,0.9_sum_abs,1_sum_abs,0.5_sum,0.6_sum,0.7_sum,0.8_sum,0.9_sum,1_sum,0.5_sum_False_strg,0.5_sum_True_strg,0.6_sum_False_strg,0.6_sum_True_strg,0.7_sum_False_strg,0.7_sum_True_strg,0.8_sum_False_strg,0.8_sum_True_strg,0.9_sum_False_strg,0.9_sum_True_strg,1_sum_False_strg,1_sum_True_strg,
output_module,100.0,98.0,96.0,93.0,77.0,0.0,41.82331848144531,43.468509674072266,44.92720031738281,44.46766662597656,36.186195373535156,0.0,9.371156692504883,32.45216751098633,10.371152877807617,33.09735107421875,11.829849243164062,33.09735107421875,11.829849243164062,32.6378173828125,8.435070037841797,27.75112533569336,0.0,0.0,
output_module_residual,4.296305179595947,3.8417205810546875,3.4557509422302246,3.188516616821289,2.4482693672180176,0.0,1.1494909524917603,1.6040757894515991,1.9900453090667725,2.061384677886963,1.8603041172027588,0.0,0.02153390273451805,1.1279572248458862,0.27195265889167786,1.3321232795715332,0.6579222083091736,1.3321232795715332,0.6579222083091736,1.4034624099731445,0.7114827632904053,1.1488213539123535,0.0,0.0,
