Module,0.5_sum_abs,0.6_sum_abs,0.7_sum_abs,0.8_sum_abs,0.9_sum_abs,1_sum_abs,0.5_sum,0.6_sum,0.7_sum,0.8_sum,0.9_sum,1_sum,0.5_sum_female,0.5_sum_male,0.6_sum_female,0.6_sum_male,0.7_sum_female,0.7_sum_male,0.8_sum_female,0.8_sum_male,0.9_sum_female,0.9_sum_male,1_sum_female,1_sum_male,
MNNOutput,175.110595703125,175.110595703125,175.110595703125,165.94189453125,0.0,0.0,164.79855346679688,164.79855346679688,164.79855346679688,161.71408081054688,0.0,0.0,79.7503890991211,85.04817199707031,79.7503890991211,85.04817199707031,79.7503890991211,85.04817199707031,79.7503890991211,81.96371459960938,0.0,0.0,0.0,0.0,
MNNOutput_residual,7.201445579528809,7.201445579528809,7.201445579528809,6.285910606384277,0.0,0.0,7.201445579528809,7.201445579528809,7.201445579528809,6.285910606384277,0.0,0.0,3.2496156692504883,3.9518303871154785,3.2496156692504883,3.9518303871154785,3.2496156692504883,3.9518303871154785,3.2496156692504883,3.036294937133789,0.0,0.0,0.0,0.0,
