Module,0.5_sum,0.6_sum,0.7_sum,0.8_sum,0.9_sum,1_sum,
output_module,188.436767578125,188.436767578125,187.64515686035156,185.00360107421875,0.0,0.0,92.12315368652344,96.31361389160156,92.12315368652344,96.31361389160156,91.33155059814453,96.31361389160156,91.33155059814453,93.67205047607422,0.0,0.0,0.0,0.0,
output_module_residual,9.563241004943848,9.563241004943848,9.354850769042969,8.996408462524414,0.0,0.0,4.87684440612793,4.686396598815918,4.87684440612793,4.686396598815918,4.668453693389893,4.686396598815918,4.668453693389893,4.327954292297363,0.0,0.0,0.0,0.0,
