Module,0.5_sum,0.6_sum,0.7_sum,0.8_sum,0.9_sum,1_sum,
logic1,99.29253387451172,99.29253387451172,98.84850311279297,92.7484359741211,0.0,0.0,19.21054458618164,80.08197784423828,19.21054458618164,80.08197784423828,18.766521453857422,80.08197784423828,18.766521453857422,73.98192596435547,0.0,0.0,0.0,0.0,
logic1_residual,5.093786239624023,5.093786239624023,5.131822109222412,4.823617935180664,0.0,0.0,1.5285841226577759,3.565201759338379,1.5285841226577759,3.565201759338379,1.5666203498840332,3.565201759338379,1.5666203498840332,3.256997585296631,0.0,0.0,0.0,0.0,
logic2,60.74235534667969,60.74235534667969,61.63254165649414,62.13055419921875,0.0,0.0,5.804788112640381,54.93756866455078,5.804788112640381,54.93756866455078,6.694971084594727,54.93756866455078,6.694971084594727,55.435585021972656,0.0,0.0,0.0,0.0,
logic2_residual,5.093786239624023,5.093786239624023,5.131822109222412,4.823617935180664,0.0,0.0,1.5285841226577759,3.565201759338379,1.5285841226577759,3.565201759338379,1.5666203498840332,3.565201759338379,1.5666203498840332,3.256997585296631,0.0,0.0,0.0,0.0,
logic_rnd,-6.239112377166748,-6.239112377166748,-6.423750400543213,-4.780123233795166,0.0,0.0,12.446703910827637,-18.68581771850586,12.446703910827637,-18.68581771850586,12.262065887451172,-18.68581771850586,12.262065887451172,-17.04218864440918,0.0,0.0,0.0,0.0,
logic_rnd_residual,5.093786239624023,5.093786239624023,5.131822109222412,4.823617935180664,0.0,0.0,1.5285841226577759,3.565201759338379,1.5285841226577759,3.565201759338379,1.5666203498840332,3.565201759338379,1.5666203498840332,3.256997585296631,0.0,0.0,0.0,0.0,
