Module,0.5_sum,0.6_sum,0.7_sum,0.8_sum,0.9_sum,1_sum,
output_module,150.0508270263672,147.66598510742188,146.89332580566406,145.15841674804688,0.0,0.0,75.53763580322266,74.51319122314453,73.69554901123047,73.97044372558594,73.69554901123047,73.19778442382812,72.85358428955078,72.30484008789062,0.0,0.0,0.0,0.0,
output_module_residual,9.949174880981445,6.334018707275391,6.1066718101501465,5.841579437255859,0.0,0.0,5.462364196777344,4.486811637878418,3.3044538497924805,3.02956485748291,3.3044538497924805,2.8022170066833496,3.1464192867279053,2.695160388946533,0.0,0.0,0.0,0.0,
