Module,0.5_sum,0.6_sum,0.7_sum,0.8_sum,0.9_sum,1_sum,
logic1,61.08001708984375,62.88102722167969,62.209632873535156,61.84653091430664,0.0,0.0,7.862497806549072,53.21752166748047,10.572835922241211,52.30820083618164,10.572835922241211,51.63679885864258,11.377920150756836,50.468605041503906,0.0,0.0,0.0,0.0,
logic1_residual,5.035065174102783,5.3716511726379395,5.242785930633545,5.157612323760986,0.0,0.0,1.299009084701538,3.736055850982666,1.6018964052200317,3.7697548866271973,1.6018964052200317,3.640889883041382,1.636737585067749,3.520874261856079,0.0,0.0,0.0,0.0,
logic2,49.50468444824219,51.72770690917969,50.741119384765625,49.8665771484375,0.0,0.0,12.828230857849121,36.676456451416016,13.523923873901367,38.20378112792969,13.523923873901367,37.21719741821289,12.978759765625,36.8878173828125,0.0,0.0,0.0,0.0,
logic2_residual,5.035065174102783,5.3716511726379395,5.242785930633545,5.157612323760986,0.0,0.0,1.299009084701538,3.736055850982666,1.6018964052200317,3.7697548866271973,1.6018964052200317,3.640889883041382,1.636737585067749,3.520874261856079,0.0,0.0,0.0,0.0,
logic_rnd,-3.546654224395752,-4.944513320922852,-4.37822151184082,-3.9472265243530273,0.0,0.0,8.353249549865723,-11.899904251098633,7.156253814697266,-12.100767135620117,7.156253814697266,-11.534475326538086,7.15842342376709,-11.105649948120117,0.0,0.0,0.0,0.0,
logic_rnd_residual,5.035065174102783,5.3716511726379395,5.242785930633545,5.157612323760986,0.0,0.0,1.299009084701538,3.736055850982666,1.6018964052200317,3.7697548866271973,1.6018964052200317,3.640889883041382,1.636737585067749,3.520874261856079,0.0,0.0,0.0,0.0,
