Module,0.5_sum_abs,0.6_sum_abs,0.7_sum_abs,0.8_sum_abs,0.9_sum_abs,1_sum_abs,0.5_sum,0.6_sum,0.7_sum,0.8_sum,0.9_sum,1_sum,0.5_sum_female,0.5_sum_male,0.6_sum_female,0.6_sum_male,0.7_sum_female,0.7_sum_male,0.8_sum_female,0.8_sum_male,0.9_sum_female,0.9_sum_male,1_sum_female,1_sum_male,
MNNOutput,137.465087890625,131.85264587402344,128.86395263671875,124.81051635742188,0.0,0.0,131.41714477539062,129.88232421875,127.44657897949219,124.13008117675781,0.0,0.0,63.234920501708984,68.18223571777344,62.51200866699219,67.37032318115234,61.62628936767578,65.8202896118164,60.725624084472656,63.404457092285156,0.0,0.0,0.0,0.0,
MNNOutput_residual,6.582853317260742,6.117678642272949,5.553427696228027,4.869919300079346,0.0,0.0,6.582853317260742,6.117678642272949,5.553427696228027,4.869919300079346,0.0,0.0,2.7650818824768066,3.8177714347839355,2.4879937171936035,3.629685401916504,2.3737175464630127,3.1797099113464355,2.2743771076202393,2.595541477203369,0.0,0.0,0.0,0.0,
