Module,0.5_sum_abs,0.6_sum_abs,0.7_sum_abs,0.8_sum_abs,0.9_sum_abs,1_sum_abs,0.5_sum,0.6_sum,0.7_sum,0.8_sum,0.9_sum,1_sum,0.5_sum_False_strg,0.5_sum_True_strg,0.6_sum_False_strg,0.6_sum_True_strg,0.7_sum_False_strg,0.7_sum_True_strg,0.8_sum_False_strg,0.8_sum_True_strg,0.9_sum_False_strg,0.9_sum_True_strg,1_sum_False_strg,1_sum_True_strg,
output_module,199.0,193.0,183.0,178.99998474121094,161.99998474121094,0.0,187.92356872558594,184.19448852539062,175.61004638671875,171.695556640625,155.15261840820312,0.0,91.33558654785156,96.58800506591797,89.1956787109375,94.99881744384766,84.83126068115234,90.7787857055664,81.91678619384766,89.77877807617188,71.0,84.15262603759766,0.0,0.0,
output_module_residual,15.677264213562012,13.174287796020508,10.683663368225098,9.940900802612305,8.201216697692871,0.0,15.677264213562012,13.174287796020508,10.683663368225098,9.940900802612305,8.201216697692871,0.0,8.554719924926758,7.122544288635254,7.257768630981445,5.916518211364746,5.8860368728637695,4.797626495361328,5.267337322235107,4.673563003540039,4.03786563873291,4.163351058959961,0.0,0.0,
