Module,0.5_sum_abs,0.6_sum_abs,0.7_sum_abs,0.8_sum_abs,0.9_sum_abs,1_sum_abs,0.5_sum,0.6_sum,0.7_sum,0.8_sum,0.9_sum,1_sum,0.5_sum_female,0.5_sum_male,0.6_sum_female,0.6_sum_male,0.7_sum_female,0.7_sum_male,0.8_sum_female,0.8_sum_male,0.9_sum_female,0.9_sum_male,1_sum_female,1_sum_male,
MNNOutput,173.77780151367188,173.05596923828125,172.2135009765625,168.47946166992188,0.0,0.0,163.45008850097656,162.72824096679688,161.92649841308594,159.37464904785156,0.0,0.0,82.9619369506836,80.4881591796875,82.24008178710938,80.4881591796875,81.43834686279297,80.4881591796875,79.68087768554688,79.69378662109375,0.0,0.0,0.0,0.0,
MNNOutput_residual,8.549907684326172,8.271764755249023,8.073495864868164,7.62535285949707,0.0,0.0,8.549907684326172,8.271764755249023,8.073495864868164,7.62535285949707,0.0,0.0,5.0380659103393555,3.511843204498291,4.759922027587891,3.511843204498291,4.5616536140441895,3.511843204498291,4.319128036499023,3.306225299835205,0.0,0.0,0.0,0.0,
