Module,0.5_sum_abs,0.6_sum_abs,0.7_sum_abs,0.8_sum_abs,0.9_sum_abs,1_sum_abs,0.5_sum,0.6_sum,0.7_sum,0.8_sum,0.9_sum,1_sum,0.5_sum_ADRN,0.5_sum_MES,0.6_sum_ADRN,0.6_sum_MES,0.7_sum_ADRN,0.7_sum_MES,0.8_sum_ADRN,0.8_sum_MES,0.9_sum_ADRN,0.9_sum_MES,1_sum_ADRN,1_sum_MES,
output_module,20.000001907348633,20.000001907348633,20.000001907348633,20.000001907348633,20.000001907348633,0.0,15.145292282104492,15.145292282104492,15.145292282104492,15.145292282104492,15.145292282104492,0.0,14.09483814239502,1.050453543663025,14.09483814239502,1.050453543663025,14.09483814239502,1.050453543663025,14.09483814239502,1.050453543663025,14.09483814239502,1.050453543663025,0.0,0.0,
output_module_residual,0.5963895916938782,0.5963895916938782,0.5963895916938782,0.5963895916938782,0.5963895916938782,0.0,0.5963895916938782,0.5963895916938782,0.5963895916938782,0.5963895916938782,0.5963895916938782,0.0,0.4819669723510742,0.11442260444164276,0.4819669723510742,0.11442260444164276,0.4819669723510742,0.11442260444164276,0.4819669723510742,0.11442260444164276,0.4819669723510742,0.11442260444164276,0.0,0.0,
