,TARGET-30-PATHVK-01,TH03_0015_S01,THR31_0914_S01,TARGET-30-PAPBGH-01,TARGET-30-PATDXC-01,THR31_0866_S01,TARGET-30-PAMMXF-01,TARGET-30-PALBFW-01,TH40_2276_S01,TARGET-30-PASWVY-01,TARGET-30-PALIIN-01,TARGET-30-PANYGR-01,TARGET-30-PANWRR-01,TARGET-30-PARFRE-01,TARGET-30-PANUIF-01,TH40_2222_S01,TARGET-30-PALEVG-01,TARGET-30-PAITEG-01,TARGET-30-PALCBW-01,TARGET-30-PAPKWN-01
ADRN,0.98219436,0.98219913,0.9821988,0.9819406,0.98226005,0.9822344,0.9822291,0.98180294,0.98221886,0.9817146,0.98210895,0.9822013,0.98214424,0.98222005,0.9815539,0.9825539,0.9821717,0.024168562,0.024172572,0.024525918
MES,0.017805625,0.017800938,0.017801212,0.018059334,0.017739972,0.017765641,0.01777085,0.018197007,0.017781157,0.018285388,0.017891085,0.017798763,0.017855702,0.017779915,0.018446049,0.017446063,0.017828245,0.97583145,0.97582746,0.9754741
