Module,0.5_sum,0.6_sum,0.7_sum,0.8_sum,0.9_sum,1_sum,
logic1,285.3409423828125,281.7349853515625,278.6619873046875,272.3323669433594,0.0,0.0,37.69240188598633,247.64852905273438,39.176780700683594,242.55819702148438,39.176780700683594,239.48519897460938,40.88191604614258,231.45042419433594,0.0,0.0,0.0,0.0,
logic1_residual,15.713041305541992,15.69308853149414,15.600377082824707,14.973731994628906,0.0,0.0,5.0331926345825195,10.679849624633789,5.162816047668457,10.530272483825684,5.162816047668457,10.437561988830566,5.118722438812256,9.855009078979492,0.0,0.0,0.0,0.0,
logic2,206.45989990234375,209.19863891601562,210.95787048339844,208.48388671875,0.0,0.0,99.71110534667969,106.74876403808594,99.31769561767578,109.88092803955078,99.31769561767578,111.6401596069336,97.56098937988281,110.92291259765625,0.0,0.0,0.0,0.0,
logic2_residual,15.713041305541992,15.69308853149414,15.600377082824707,14.973731994628906,0.0,0.0,5.0331926345825195,10.679849624633789,5.162816047668457,10.530272483825684,5.162816047668457,10.437561988830566,5.118722438812256,9.855009078979492,0.0,0.0,0.0,0.0,
logic_rnd,-1.0541893243789673,-0.9939237236976624,-1.0467636585235596,-0.6140681505203247,0.0,0.0,3.9564433097839355,-5.01063346862793,3.905132532119751,-4.899056911468506,3.905132532119751,-4.951897144317627,3.8740129470825195,-4.488081455230713,0.0,0.0,0.0,0.0,
logic_rnd_residual,15.713041305541992,15.69308853149414,15.600377082824707,14.973731994628906,0.0,0.0,5.0331926345825195,10.679849624633789,5.162816047668457,10.530272483825684,5.162816047668457,10.437561988830566,5.118722438812256,9.855009078979492,0.0,0.0,0.0,0.0,
