Module,0.5_sum_abs,0.6_sum_abs,0.7_sum_abs,0.8_sum_abs,0.9_sum_abs,1_sum_abs,0.5_sum,0.6_sum,0.7_sum,0.8_sum,0.9_sum,1_sum,0.5_sum_ADRN,0.5_sum_MES,0.6_sum_ADRN,0.6_sum_MES,0.7_sum_ADRN,0.7_sum_MES,0.8_sum_ADRN,0.8_sum_MES,0.9_sum_ADRN,0.9_sum_MES,1_sum_ADRN,1_sum_MES,
output_module,21.0,21.0,21.0,21.0,21.0,0.0,20.96054458618164,20.96054458618164,20.96054458618164,20.96054458618164,20.96054458618164,0.0,19.0,1.960545301437378,19.0,1.960545301437378,19.0,1.960545301437378,19.0,1.960545301437378,19.0,1.960545301437378,0.0,0.0,
output_module_residual,1.8350847959518433,1.8350847959518433,1.8350847959518433,1.8350847959518433,1.8350847959518433,0.0,1.8350847959518433,1.8350847959518433,1.8350847959518433,1.8350847959518433,1.8350847959518433,0.0,1.7857332229614258,0.04935167357325554,1.7857332229614258,0.04935167357325554,1.7857332229614258,0.04935167357325554,1.7857332229614258,0.04935167357325554,1.7857332229614258,0.04935167357325554,0.0,0.0,
