,TARGET-30-PAISNS-01,TARGET-30-PAPCTS-01,TARGET-30-PARACM-01,TH27_2347_S02,TARGET-30-PASPER-01,TARGET-30-PARSBI-01,TARGET-30-PASGUT-01,TARGET-30-PASNPG-01,TARGET-30-PATGJU-01,TARGET-30-PARDCK-01,TARGET-30-PANUKV-01,TH03_0287_S01,TARGET-30-PARVLK-01,TARGET-30-PALNVP-01,TH40_2235_S02,TARGET-30-PAPUWY-01,TH03_0015_S02,TARGET-30-PAMVRA-01,TARGET-30-PAPBJE-01,TH06_0622_S01,TH40_2228_S01
ADRN,0.99682426,0.99682474,0.9968178,0.99678457,0.996825,0.9968244,0.99682486,0.99682486,0.99681973,0.99682474,0.99682486,0.99682486,0.996825,0.99682486,0.9968246,0.9968244,0.9968225,0.996825,0.99682367,0.007788477,0.008345109
MES,0.0031758018,0.0031752235,0.0031821462,0.0032154617,0.0031749955,0.0031756838,0.0031751571,0.003175139,0.0031802002,0.0031752659,0.0031751266,0.0031751692,0.003175094,0.0031751874,0.0031753713,0.0031756249,0.0031775213,0.0031750423,0.0031763585,0.9922116,0.9916549
