Module,0.5_sum_abs,0.6_sum_abs,0.7_sum_abs,0.8_sum_abs,0.9_sum_abs,1_sum_abs,0.5_sum,0.6_sum,0.7_sum,0.8_sum,0.9_sum,1_sum,0.5_sum_False_strg,0.5_sum_True_strg,0.6_sum_False_strg,0.6_sum_True_strg,0.7_sum_False_strg,0.7_sum_True_strg,0.8_sum_False_strg,0.8_sum_True_strg,0.9_sum_False_strg,0.9_sum_True_strg,1_sum_False_strg,1_sum_True_strg,
output_module,200.0,197.0,189.99998474121094,186.0,157.99998474121094,0.0,166.9303741455078,165.4818878173828,159.47018432617188,157.20687866210938,133.15516662597656,0.0,69.86903381347656,97.06134033203125,69.45884704589844,96.02304077148438,67.94465637207031,91.52554321289062,66.63968658447266,90.56716918945312,62.287750244140625,70.86743927001953,0.0,0.0,
output_module_residual,34.0235481262207,32.25989532470703,30.09547233581543,28.77533721923828,24.802122116088867,0.0,34.0235481262207,32.25989532470703,30.09547233581543,28.77533721923828,24.802122116088867,0.0,28.34333610534668,5.6802077293396,27.764219284057617,4.495676040649414,26.292434692382812,3.803037166595459,25.048099517822266,3.7272348403930664,22.213699340820312,2.58842134475708,0.0,0.0,
