	names_neuron	mean_ratio	median_ratio	std_ratio	min_ratio	max_ratio	names	over_std_mean_ratio	over_std_median_ratio	depth	hsa
0	logic1	0.6515274191888583	0.5936259792617314	0.1427663782003303	0.5018140184682809	1.0165170852380407	logic1_name	True	True	1	
0	f1	0.32169350077238346	0.3668130080761479	0.1520210080884393	0.07352689049792728	0.5912298997942218	f1_name	True	True	2	f1
1	f2	0.3304563987911281	0.293672404390255	0.11555353504453321	0.12833501598769737	0.5268172824885158	f2_name	True	True	2	f2
4	f5_rnd	-0.0013778731550476732	0.0011570768529729283	0.017952695186465764	-0.04482175202153382	0.028031434941234567	f5_rnd_name	False	False	2	f5_rnd
