Module,0.5_sum_abs,0.6_sum_abs,0.7_sum_abs,0.8_sum_abs,0.9_sum_abs,1_sum_abs,0.5_sum,0.6_sum,0.7_sum,0.8_sum,0.9_sum,1_sum,0.5_sum_ADRN,0.5_sum_MES,0.6_sum_ADRN,0.6_sum_MES,0.7_sum_ADRN,0.7_sum_MES,0.8_sum_ADRN,0.8_sum_MES,0.9_sum_ADRN,0.9_sum_MES,1_sum_ADRN,1_sum_MES,
output_module,41.0,41.0,41.0,40.0,37.0,0.0,26.476755142211914,26.476755142211914,26.476755142211914,25.73888397216797,23.734169006347656,0.0,20.860614776611328,5.6161394119262695,20.860614776611328,5.6161394119262695,20.860614776611328,5.6161394119262695,20.122745513916016,5.6161394119262695,18.489486694335938,5.244682312011719,0.0,0.0,
output_module_residual,1.2723824977874756,1.2723824977874756,1.2723824977874756,1.1997236013412476,0.936850368976593,0.0,1.2723824977874756,1.2723824977874756,1.2723824977874756,1.1997236013412476,0.936850368976593,0.0,0.8284000158309937,0.4439826011657715,0.8284000158309937,0.4439826011657715,0.8284000158309937,0.4439826011657715,0.7557408809661865,0.4439826011657715,0.640845537185669,0.29600486159324646,0.0,0.0,
