,TARGET-30-PAPUNH-01,TARGET-30-PASUYG-01,TARGET-30-PASSWW-01,TARGET-30-PATCFL-01,TH27_1403_S01,TARGET-30-PANRHJ-01,TARGET-30-PARHAM-02,TARGET-30-PAIFXV-01,TARGET-30-PANRRW-01,TARGET-30-PAUDDK-02,TARGET-30-PASNEF-01,TARGET-30-PAPVXS-01,TARGET-30-PAMZMG-01,TARGET-30-PATHKB-01,TARGET-30-PANRVJ-01,TARGET-30-PAIVHE-01,TARGET-30-PASMDM-01,TH06_0628_S01,TARGET-30-PAIXIF-01,TARGET-30-PANSBN-01,TARGET-30-PAISNS-01,TARGET-30-PAPCTS-01,TARGET-30-PARACM-01,TH27_2347_S02,TARGET-30-PASPER-01,TARGET-30-PARSBI-01,TARGET-30-PASGUT-01,TARGET-30-PASNPG-01,TARGET-30-PATGJU-01,TARGET-30-PARDCK-01,TARGET-30-PANUKV-01,TH03_0287_S01,TARGET-30-PARVLK-01,TARGET-30-PALNVP-01,TH40_2235_S02,TARGET-30-PAPUWY-01,TH03_0015_S02,TARGET-30-PAMVRA-01,TARGET-30-PAPBJE-01,TH06_0622_S01,TH40_2228_S01
ADRN,0.9916946,0.99169475,0.9916946,0.9916944,0.7719615,0.99169075,0.99113864,0.0120212855,0.9916161,0.99166673,0.99169475,0.9915428,0.9916946,0.9916946,0.011867991,0.97579837,0.9914487,0.011853573,0.011853679,0.011853529,0.9916946,0.99169403,0.012026667,0.8632373,0.9916863,0.9900512,0.99169254,0.9916871,0.8405371,0.9915166,0.9916945,0.99169135,0.99166685,0.99166447,0.99169475,0.9916164,0.9366987,0.99169475,0.19643542,0.011854026,0.011856053
MES,0.008305317,0.008305298,0.008305392,0.008305623,0.2280385,0.008309286,0.008861366,0.9879787,0.008383862,0.008333271,0.008305279,0.0084571345,0.008305317,0.008305368,0.98813194,0.024201572,0.0085513145,0.9881464,0.9881463,0.98814654,0.008305428,0.008305933,0.98797333,0.1367627,0.008313755,0.009948815,0.008307454,0.008312901,0.15946294,0.008483382,0.008305498,0.008308692,0.008333102,0.008335494,0.008305279,0.008383616,0.06330131,0.008305286,0.80356455,0.98814595,0.988144
