metric,test,val,train,
acc,0.925,0.9494949494949495,0.965625,
f1,0.925,0.9493657937806874,0.9656219784942037,
loss,0.45027679204940796,0.4465966522693634,0.42845240235328674,
sens,0.925,0.9541284403669725,0.9657887538587785,
spec,0.925,0.9494949494949495,0.965625,
mcc,0.85,0.903611510256421,0.931413739463819,
ep,9