Module,0.5_sum,0.6_sum,0.7_sum,0.8_sum,0.9_sum,1_sum,
logic1,78.32447052001953,76.07685852050781,76.07685852050781,71.44280242919922,0.0,0.0,30.428956985473633,47.895503997802734,30.428956985473633,45.64789962768555,30.428956985473633,45.64789962768555,25.95159339904785,45.4911994934082,0.0,0.0,0.0,0.0,
logic1_residual,3.4650299549102783,3.6411828994750977,3.6411828994750977,3.5362300872802734,0.0,0.0,0.7523481845855713,2.712681770324707,0.7523481845855713,2.8888344764709473,0.7523481845855713,2.8888344764709473,0.7825376987457275,2.753692150115967,0.0,0.0,0.0,0.0,
logic2,35.15781784057617,43.30674743652344,43.30674743652344,45.47853088378906,0.0,0.0,-8.280080795288086,43.437896728515625,-8.280080795288086,51.586830139160156,-8.280080795288086,51.586830139160156,-2.9118595123291016,48.39038848876953,0.0,0.0,0.0,0.0,
logic2_residual,3.4650299549102783,3.6411828994750977,3.6411828994750977,3.5362300872802734,0.0,0.0,0.7523481845855713,2.712681770324707,0.7523481845855713,2.8888344764709473,0.7523481845855713,2.8888344764709473,0.7825376987457275,2.753692150115967,0.0,0.0,0.0,0.0,
logic_rnd,2.4237308502197266,1.3010810613632202,1.3010810613632202,1.303807258605957,0.0,0.0,9.220529556274414,-6.796797752380371,9.220529556274414,-7.919447898864746,9.220529556274414,-7.919447898864746,8.788455963134766,-7.484650135040283,0.0,0.0,0.0,0.0,
logic_rnd_residual,3.4650299549102783,3.6411828994750977,3.6411828994750977,3.5362300872802734,0.0,0.0,0.7523481845855713,2.712681770324707,0.7523481845855713,2.8888344764709473,0.7523481845855713,2.8888344764709473,0.7825376987457275,2.753692150115967,0.0,0.0,0.0,0.0,
