Module,0.5_sum,0.6_sum,0.7_sum,0.8_sum,0.9_sum,1_sum,
output_module,148.60653686523438,148.4646453857422,148.4646453857422,144.97442626953125,0.0,0.0,76.89732360839844,71.70921325683594,76.89732360839844,71.56732177734375,76.89732360839844,71.56732177734375,75.15238952636719,69.82202911376953,0.0,0.0,0.0,0.0,
output_module_residual,11.393461227416992,10.535354614257812,10.535354614257812,10.025580406188965,0.0,0.0,5.102673530578613,6.290788650512695,5.102673530578613,5.432680130004883,5.102673530578613,5.432680130004883,4.847616195678711,5.177963733673096,0.0,0.0,0.0,0.0,
