Module,0.5_sum,0.6_sum,0.7_sum,0.8_sum,0.9_sum,1_sum,
output_module,182.84115600585938,179.99026489257812,171.04812622070312,159.59140014648438,0.0,0.0,90.73638153076172,92.10476684570312,88.47764587402344,91.51264190673828,80.32275390625,90.72538757324219,75.83012390136719,83.76128387451172,0.0,0.0,0.0,0.0,
output_module_residual,15.158849716186523,14.00971794128418,11.951862335205078,10.40859603881836,0.0,0.0,7.263615608215332,7.895232200622559,6.522357940673828,7.487360000610352,4.677247047424316,7.27461576461792,4.1698808670043945,6.238715171813965,0.0,0.0,0.0,0.0,
