Module,0.5_sum,0.6_sum,0.7_sum,0.8_sum,0.9_sum,1_sum,
logic1,94.41511535644531,83.34564208984375,59.54692840576172,56.230613708496094,0.0,0.0,34.10405731201172,60.31105041503906,25.952075958251953,57.3935546875,2.4995312690734863,57.04739761352539,1.8763020038604736,54.35430908203125,0.0,0.0,0.0,0.0,
logic1_residual,3.3575141429901123,3.4804482460021973,3.7997374534606934,3.565133571624756,0.0,0.0,0.5366522073745728,2.820862054824829,0.7053034901618958,2.775144577026367,1.1171529293060303,2.682584762573242,1.1033637523651123,2.4617695808410645,0.0,0.0,0.0,0.0,
logic2,30.883121490478516,42.48522186279297,69.32018280029297,65.27882385253906,0.0,0.0,-2.213736057281494,33.09685516357422,8.417646408081055,34.06757354736328,35.89584732055664,33.424339294433594,35.62352752685547,29.655298233032227,0.0,0.0,0.0,0.0,
logic2_residual,3.3575141429901123,3.4804482460021973,3.7997374534606934,3.565133571624756,0.0,0.0,0.5366522073745728,2.820862054824829,0.7053034901618958,2.775144577026367,1.1171529293060303,2.682584762573242,1.1033637523651123,2.4617695808410645,0.0,0.0,0.0,0.0,
logic_rnd,-1.4004014730453491,-0.5582371354103088,0.8457298278808594,0.8585889935493469,0.0,0.0,-5.302701473236084,3.902299404144287,-4.32993221282959,3.7716946601867676,-2.768939733505249,3.6146693229675293,-2.344165802001953,3.2027547359466553,0.0,0.0,0.0,0.0,
logic_rnd_residual,3.3575141429901123,3.4804482460021973,3.7997374534606934,3.565133571624756,0.0,0.0,0.5366522073745728,2.820862054824829,0.7053034901618958,2.775144577026367,1.1171529293060303,2.682584762573242,1.1033637523651123,2.4617695808410645,0.0,0.0,0.0,0.0,
