metric,test,val,train,
acc,0.95625,0.9747474747474747,0.9671875,
f1,0.95623461373139,0.9747468305996989,0.9671874198911619,
loss,0.4442332684993744,0.42897555232048035,0.43582218885421753,
sens,0.9568925050852761,0.9747959183673469,0.9671920624224846,
spec,0.95625,0.9747474747474747,0.9671875,
mcc,0.9131422790456201,0.9495433918790781,0.9343795624113458,
ep,9