Module,0.5_sum_abs,0.6_sum_abs,0.7_sum_abs,0.8_sum_abs,0.9_sum_abs,1_sum_abs,0.5_sum,0.6_sum,0.7_sum,0.8_sum,0.9_sum,1_sum,0.5_sum_female,0.5_sum_male,0.6_sum_female,0.6_sum_male,0.7_sum_female,0.7_sum_male,0.8_sum_female,0.8_sum_male,0.9_sum_female,0.9_sum_male,1_sum_female,1_sum_male,
MNNOutput,172.12161254882812,172.12161254882812,163.6789093017578,162.8301544189453,0.0,0.0,163.93441772460938,163.93441772460938,163.6789093017578,162.8301544189453,0.0,0.0,80.51486206054688,83.41954803466797,80.51486206054688,83.41954803466797,80.25936889648438,83.41954803466797,79.4106216430664,83.41954803466797,0.0,0.0,0.0,0.0,
MNNOutput_residual,8.065597534179688,8.065597534179688,7.321096420288086,7.169843673706055,0.0,0.0,8.065597534179688,8.065597534179688,7.321096420288086,7.169843673706055,0.0,0.0,4.4851393699646,3.580458641052246,4.4851393699646,3.580458641052246,3.74063777923584,3.580458641052246,3.589385509490967,3.580458641052246,0.0,0.0,0.0,0.0,
