Module,0.5_sum_abs,0.6_sum_abs,0.7_sum_abs,0.8_sum_abs,0.9_sum_abs,1_sum_abs,0.5_sum,0.6_sum,0.7_sum,0.8_sum,0.9_sum,1_sum,0.5_sum_False_strg,0.5_sum_True_strg,0.6_sum_False_strg,0.6_sum_True_strg,0.7_sum_False_strg,0.7_sum_True_strg,0.8_sum_False_strg,0.8_sum_True_strg,0.9_sum_False_strg,0.9_sum_True_strg,1_sum_False_strg,1_sum_True_strg,
output_module,199.0,194.0,185.0,180.0,153.0,0.0,148.7014923095703,145.0929412841797,137.59375,133.12428283691406,111.53839111328125,0.0,69.12435913085938,79.57713317871094,68.51580810546875,76.5771255493164,60.72465133666992,76.86910247802734,58.80070495605469,74.32357788085938,49.7016487121582,61.83674621582031,0.0,0.0,
output_module_residual,13.907951354980469,11.56730842590332,10.550521850585938,10.136015892028809,7.894595146179199,0.0,9.23768424987793,10.37778091430664,9.601694107055664,9.187187194824219,7.894595146179199,0.0,4.751328945159912,4.486354351043701,6.369350910186768,4.008429527282715,5.472914218902588,4.128780364990234,5.316600799560547,3.870586395263672,4.92208194732666,2.9725141525268555,0.0,0.0,
