Module,0.5_sum,0.6_sum,0.7_sum,0.8_sum,0.9_sum,1_sum,
logic1,88.75577545166016,91.66596221923828,92.88160705566406,89.36561584472656,0.0,0.0,14.61552619934082,74.14025115966797,17.525711059570312,74.14025115966797,17.525711059570312,75.35589599609375,19.46506118774414,69.90055847167969,0.0,0.0,0.0,0.0,
logic1_residual,4.688182353973389,4.826142311096191,4.731137275695801,4.447319030761719,0.0,0.0,1.4744142293930054,3.2137680053710938,1.612374186515808,3.2137680053710938,1.612374186515808,3.1187632083892822,1.5831420421600342,2.8641767501831055,0.0,0.0,0.0,0.0,
logic2,61.20420837402344,59.292274475097656,56.72156524658203,56.93883514404297,0.0,0.0,28.795093536376953,32.40910720825195,26.883167266845703,32.40910720825195,26.883167266845703,29.838396072387695,25.261186599731445,31.67764663696289,0.0,0.0,0.0,0.0,
logic2_residual,4.688182353973389,4.826142311096191,4.731137275695801,4.447319030761719,0.0,0.0,1.4744142293930054,3.2137680053710938,1.612374186515808,3.2137680053710938,1.612374186515808,3.1187632083892822,1.5831420421600342,2.8641767501831055,0.0,0.0,0.0,0.0,
logic_rnd,-0.4696202874183655,-0.2962031662464142,-0.13850468397140503,-0.17630861699581146,0.0,0.0,0.9908735752105713,-1.460494041442871,1.1642907857894897,-1.460494041442871,1.1642907857894897,-1.3027952909469604,1.0878691673278809,-1.2641777992248535,0.0,0.0,0.0,0.0,
logic_rnd_residual,4.688182353973389,4.826142311096191,4.731137275695801,4.447319030761719,0.0,0.0,1.4744142293930054,3.2137680053710938,1.612374186515808,3.2137680053710938,1.612374186515808,3.1187632083892822,1.5831420421600342,2.8641767501831055,0.0,0.0,0.0,0.0,
