Module,0.5_sum,0.6_sum,0.7_sum,0.8_sum,0.9_sum,1_sum,
output_module,185.11099243164062,184.94522094726562,184.2022705078125,179.89471435546875,0.0,0.0,95.95677185058594,89.15422058105469,95.79100036621094,89.15422058105469,95.79100036621094,88.41126251220703,93.98171997070312,85.9129867553711,0.0,0.0,0.0,0.0,
output_module_residual,12.889005661010742,12.054780960083008,11.797739028930664,11.105299949645996,0.0,0.0,5.043233871459961,7.845771789550781,4.209010124206543,7.845771789550781,4.209010124206543,7.5887274742126465,4.018287181854248,7.087013244628906,0.0,0.0,0.0,0.0,
