Module,0.5_sum_abs,0.6_sum_abs,0.7_sum_abs,0.8_sum_abs,0.9_sum_abs,1_sum_abs,0.5_sum,0.6_sum,0.7_sum,0.8_sum,0.9_sum,1_sum,0.5_sum_ADRN,0.5_sum_MES,0.6_sum_ADRN,0.6_sum_MES,0.7_sum_ADRN,0.7_sum_MES,0.8_sum_ADRN,0.8_sum_MES,0.9_sum_ADRN,0.9_sum_MES,1_sum_ADRN,1_sum_MES,
output_module,141.0,141.0,141.0,140.0,140.0,0.0,138.58297729492188,138.58297729492188,138.58297729492188,137.58297729492188,137.58297729492188,0.0,122.0,16.582984924316406,122.0,16.582984924316406,122.0,16.582984924316406,121.0,16.582984924316406,121.0,16.582984924316406,0.0,0.0,
output_module_residual,5.829776763916016,5.829776763916016,5.829776763916016,5.716296672821045,5.716296672821045,0.0,5.829776763916016,5.829776763916016,5.829776763916016,5.716296672821045,5.716296672821045,0.0,4.712447166442871,1.1173292398452759,4.712447166442871,1.1173292398452759,4.712447166442871,1.1173292398452759,4.598967552185059,1.1173292398452759,4.598967552185059,1.1173292398452759,0.0,0.0,
