Module,0.5_sum_abs,0.6_sum_abs,0.7_sum_abs,0.8_sum_abs,0.9_sum_abs,1_sum_abs,0.5_sum,0.6_sum,0.7_sum,0.8_sum,0.9_sum,1_sum,0.5_sum_ADRN,0.5_sum_MES,0.6_sum_ADRN,0.6_sum_MES,0.7_sum_ADRN,0.7_sum_MES,0.8_sum_ADRN,0.8_sum_MES,0.9_sum_ADRN,0.9_sum_MES,1_sum_ADRN,1_sum_MES,
output_module,40.0,40.0,40.0,40.0,39.0,0.0,21.504541397094727,21.504541397094727,21.504541397094727,21.504541397094727,21.07834243774414,0.0,16.504539489746094,5.0,16.504539489746094,5.0,16.504539489746094,5.0,16.504539489746094,5.0,16.078340530395508,5.0,0.0,0.0,
output_module_residual,1.210949182510376,1.210949182510376,1.210949182510376,1.210949182510376,1.083256721496582,0.0,1.210949182510376,1.210949182510376,1.210949182510376,1.210949182510376,1.083256721496582,0.0,1.0928137302398682,0.11813555657863617,1.0928137302398682,0.11813555657863617,1.0928137302398682,0.11813555657863617,1.0928137302398682,0.11813555657863617,0.9651212096214294,0.11813555657863617,0.0,0.0,
