,TARGET-30-PAPUAR-01,TARGET-30-PARDIW-01,TARGET-30-PASXHE-01,TARGET-30-PATYIL-02,TARGET-30-PARBAJ-02,TARGET-30-PASXRG-01,TARGET-30-PARZCJ-01,TARGET-30-PARBAJ-01,TARGET-30-PARNNC-01,TARGET-30-PALTEG-01,TARGET-30-PATGLU-01,TARGET-30-PAPUEB-01,TARGET-30-PATBMM-01,TARGET-30-PARYNK-01,TARGET-30-PASJZC-01,TARGET-30-PALXTB-01,TH40_2229_S01,TH27_0692_S01,TARGET-30-PANXJL-01,TARGET-30-PAPZYZ-01,TARGET-30-PARZCJ-02,TARGET-30-PAPVEB-04,TARGET-30-PAUDDK-01,TARGET-30-PAKZRH-01,TARGET-30-PARAMT-01,TH27_0690_S01,TARGET-30-PASTKC-01,TARGET-30-PASEGA-01,TARGET-30-PARZHA-01,TH40_2248_S01,TARGET-30-PALETP-01,TARGET-30-PASUML-01,TH40_2235_S03,TARGET-30-PASGAP-01,TARGET-30-PASNML-01,TH40_2196_S01,TH40_2274_S01,TARGET-30-PASZPI-01,TH40_2285_S01,TARGET-30-PATEKG-01
ADRN,0.9985252,0.9985252,0.9985252,0.9985252,0.9985245,0.9985252,0.99851745,0.998516,0.99852484,0.998524,0.9985252,0.9985252,0.9985252,0.9985252,0.9985251,0.99852186,0.9985245,0.80912185,0.0032926726,0.0032981026,0.0033026657,0.9985253,0.9984497,0.9985245,0.9985252,0.9985246,0.9985247,0.9985251,0.9985252,0.9985247,0.9985252,0.9985252,0.9985252,0.9981896,0.9985252,0.9985252,0.9985252,0.9985246,0.0035464764,0.0038230817
MES,0.0014747698,0.0014748233,0.0014748008,0.0014748183,0.0014755398,0.0014748346,0.001482599,0.001484032,0.0014751647,0.0014760161,0.0014748233,0.0014747902,0.0014748008,0.0014748388,0.001474923,0.0014781584,0.0014755342,0.19087811,0.9967073,0.9967019,0.9966973,0.001474749,0.0015502527,0.0014755173,0.0014748318,0.0014753605,0.0014752671,0.0014748863,0.0014748332,0.001475312,0.0014748415,0.0014748782,0.0014748318,0.0018104239,0.0014747966,0.001474767,0.0014747952,0.0014754027,0.9964535,0.99617696
