Module,0.5_sum_abs,0.6_sum_abs,0.7_sum_abs,0.8_sum_abs,0.9_sum_abs,1_sum_abs,0.5_sum,0.6_sum,0.7_sum,0.8_sum,0.9_sum,1_sum,0.5_sum_ADRN,0.5_sum_MES,0.6_sum_ADRN,0.6_sum_MES,0.7_sum_ADRN,0.7_sum_MES,0.8_sum_ADRN,0.8_sum_MES,0.9_sum_ADRN,0.9_sum_MES,1_sum_ADRN,1_sum_MES,
output_module,38.0,38.0,38.0,38.0,38.0,0.0,36.909019470214844,36.909019470214844,36.909019470214844,36.909019470214844,36.909019470214844,0.0,34.0,2.909017324447632,34.0,2.909017324447632,34.0,2.909017324447632,34.0,2.909017324447632,34.0,2.909017324447632,0.0,0.0,
output_module_residual,0.9761552810668945,0.9761552810668945,0.9761552810668945,0.9761552810668945,0.9761552810668945,0.0,0.9761552810668945,0.9761552810668945,0.9761552810668945,0.9761552810668945,0.9761552810668945,0.0,0.7834390997886658,0.19271618127822876,0.7834390997886658,0.19271618127822876,0.7834390997886658,0.19271618127822876,0.7834390997886658,0.19271618127822876,0.7834390997886658,0.19271618127822876,0.0,0.0,
