,TARGET-30-PAPVEB-04,TARGET-30-PAUDDK-01,TARGET-30-PAKZRH-01,TARGET-30-PARAMT-01,TH27_0690_S01,TARGET-30-PASTKC-01,TARGET-30-PASEGA-01,TARGET-30-PARZHA-01,TH40_2248_S01,TARGET-30-PALETP-01,TARGET-30-PASUML-01,TH40_2235_S03,TARGET-30-PASGAP-01,TARGET-30-PASNML-01,TH40_2196_S01,TH40_2274_S01,TARGET-30-PASZPI-01,TH40_2285_S01,TARGET-30-PATEKG-01,TARGET-30-PATINJ-01,TH40_2265_S01,TARGET-30-PATESI-01,TARGET-30-PAMBMJ-01,TARGET-30-PAPLSD-01,TARGET-30-PASMNT-01,TARGET-30-PASXIE-01,TARGET-30-PATDWN-01,TARGET-30-PASNZU-01,TARGET-30-PASWIJ-01,TARGET-30-PASYPX-01,TARGET-30-PASCFC-01,TARGET-30-PASSRS-01,TARGET-30-PASFGG-01,TARGET-30-PAMZGT-01,TH40_2223_S01,TARGET-30-PASXRJ-01,TARGET-30-PANGXK-01,TARGET-30-PAPTCR-01
ADRN,0.99799675,0.9980233,0.99798274,0.997997,0.9979956,0.9979888,0.9979983,0.9979978,0.99800926,0.9979867,0.997997,0.99799913,0.9859417,0.99799466,0.99799746,0.997996,0.9979316,0.0059099477,0.005758685,0.9979961,0.99800676,0.9979954,0.9979888,0.99799466,0.99799573,0.9979944,0.9979982,0.997995,0.99799407,0.9979988,0.99799526,0.99799746,0.99799794,0.9976284,0.9979978,0.9980027,0.006006419,0.005976281
MES,0.0020031969,0.0019767787,0.0020172468,0.0020029575,0.0020043622,0.0020112197,0.0020016273,0.0020021992,0.001990797,0.002013283,0.0020029852,0.0020008485,0.014058325,0.0020053554,0.0020024867,0.0020040981,0.0020684071,0.99409,0.99424136,0.0020039799,0.0019932608,0.0020046304,0.0020111478,0.002005324,0.0020042486,0.0020056264,0.0020018439,0.0020049661,0.0020059557,0.0020012655,0.002004742,0.0020025603,0.0020019799,0.0023715962,0.0020021964,0.001997304,0.9939936,0.99402374
