Module,0.5_sum_abs,0.6_sum_abs,0.7_sum_abs,0.8_sum_abs,0.9_sum_abs,1_sum_abs,0.5_sum,0.6_sum,0.7_sum,0.8_sum,0.9_sum,1_sum,0.5_sum_ADRN,0.5_sum_MES,0.6_sum_ADRN,0.6_sum_MES,0.7_sum_ADRN,0.7_sum_MES,0.8_sum_ADRN,0.8_sum_MES,0.9_sum_ADRN,0.9_sum_MES,1_sum_ADRN,1_sum_MES,
output_module,140.0,140.0,140.0,135.0,134.0,0.0,103.61186218261719,103.61186218261719,103.61186218261719,100.99688720703125,100.65994262695312,0.0,94.72103881835938,8.890817642211914,94.72103881835938,8.890817642211914,94.72103881835938,8.890817642211914,92.25436401367188,8.74252700805664,92.25436401367188,8.405583381652832,0.0,0.0,
output_module_residual,4.618577003479004,4.618577003479004,4.618577003479004,4.208420276641846,4.1456522941589355,0.0,4.618577003479004,4.618577003479004,4.618577003479004,4.208420276641846,4.1456522941589355,0.0,3.5120487213134766,1.106528878211975,3.5120487213134766,1.106528878211975,3.5120487213134766,1.106528878211975,3.232151985168457,0.9762688279151917,3.232151985168457,0.9135004281997681,0.0,0.0,
