Module,0.5_sum,0.6_sum,0.7_sum,0.8_sum,0.9_sum,1_sum,
logic1,97.57011413574219,85.06269073486328,60.697044372558594,5.777767658233643,0.0,0.0,38.143959045410156,59.42615509033203,33.66110610961914,51.401573181152344,9.661951065063477,51.03509521484375,4.518949508666992,1.2588187456130981,0.0,0.0,0.0,0.0,
logic1_residual,4.312558174133301,4.310581684112549,4.395639896392822,1.033506989479065,0.0,0.0,0.7832882404327393,3.5292699337005615,0.771004319190979,3.539577007293701,0.9855060577392578,3.4101340770721436,0.9601784348487854,0.07332853972911835,0.0,0.0,0.0,0.0,
logic2,-4.81220817565918,19.333892822265625,60.23261260986328,22.187820434570312,0.0,0.0,-34.94584274291992,30.133636474609375,-29.651716232299805,48.9856071472168,14.217394828796387,46.01521301269531,21.132143020629883,1.05567467212677,0.0,0.0,0.0,0.0,
logic2_residual,4.312558174133301,4.310581684112549,4.395639896392822,1.033506989479065,0.0,0.0,0.7832882404327393,3.5292699337005615,0.771004319190979,3.539577007293701,0.9855060577392578,3.4101340770721436,0.9601784348487854,0.07332853972911835,0.0,0.0,0.0,0.0,
logic_rnd,-0.7136702537536621,-0.6546386480331421,-0.5900871753692627,0.40010866522789,0.0,0.0,1.086211085319519,-1.7998807430267334,0.7195034027099609,-1.374141812324524,0.5529733896255493,-1.1430604457855225,0.40484756231307983,-0.004738952964544296,0.0,0.0,0.0,0.0,
logic_rnd_residual,4.312558174133301,4.310581684112549,4.395639896392822,1.033506989479065,0.0,0.0,0.7832882404327393,3.5292699337005615,0.771004319190979,3.539577007293701,0.9855060577392578,3.4101340770721436,0.9601784348487854,0.07332853972911835,0.0,0.0,0.0,0.0,
