Module,0.5_sum,0.6_sum,0.7_sum,0.8_sum,0.9_sum,1_sum,
output_module,166.93527221679688,163.6711883544922,153.7431182861328,73.85565948486328,0.0,0.0,88.82997131347656,78.10530090332031,85.86392974853516,77.80726623535156,77.61759185791016,76.12553405761719,71.9869155883789,1.868741512298584,0.0,0.0,0.0,0.0,
output_module_residual,31.06472396850586,20.32879638671875,14.256872177124023,7.144339084625244,0.0,0.0,23.170032501220703,7.8946943283081055,14.136065483093262,6.192732810974121,8.382405281066895,5.8744659423828125,7.013081073760986,0.13125839829444885,0.0,0.0,0.0,0.0,
