Module,0.5_sum_abs,0.6_sum_abs,0.7_sum_abs,0.8_sum_abs,0.9_sum_abs,1_sum_abs,0.5_sum,0.6_sum,0.7_sum,0.8_sum,0.9_sum,1_sum,0.5_sum_False_strg,0.5_sum_True_strg,0.6_sum_False_strg,0.6_sum_True_strg,0.7_sum_False_strg,0.7_sum_True_strg,0.8_sum_False_strg,0.8_sum_True_strg,0.9_sum_False_strg,0.9_sum_True_strg,1_sum_False_strg,1_sum_True_strg,
output_module,100.0,98.0,94.0,90.0,78.0,0.0,55.09095001220703,56.601356506347656,55.97936248779297,53.28302764892578,47.82496643066406,0.0,29.957910537719727,25.13304328918457,30.468311309814453,26.13304328918457,29.846323013305664,26.13304328918457,28.14998435974121,25.13304328918457,24.073209762573242,23.751758575439453,0.0,0.0,
output_module_residual,4.9138569831848145,4.750532627105713,4.287040710449219,3.8903696537017822,2.9110658168792725,0.0,4.272217750549316,4.435542106628418,4.121524810791016,3.724853754043579,2.7455499172210693,0.0,1.625232219696045,2.6469850540161133,1.6910730600357056,2.7444686889648438,1.3770557641983032,2.7444686889648438,1.101496934890747,2.623356819152832,0.7601042985916138,1.985445261001587,0.0,0.0,
