Module,0.5_sum_abs,0.6_sum_abs,0.7_sum_abs,0.8_sum_abs,0.9_sum_abs,1_sum_abs,0.5_sum,0.6_sum,0.7_sum,0.8_sum,0.9_sum,1_sum,0.5_sum_ADRN,0.5_sum_MES,0.6_sum_ADRN,0.6_sum_MES,0.7_sum_ADRN,0.7_sum_MES,0.8_sum_ADRN,0.8_sum_MES,0.9_sum_ADRN,0.9_sum_MES,1_sum_ADRN,1_sum_MES,
output_module,20.0,20.0,20.0,20.0,19.0,0.0,19.6486759185791,19.6486759185791,19.6486759185791,19.6486759185791,18.749698638916016,0.0,17.0,2.648674726486206,17.0,2.648674726486206,17.0,2.648674726486206,17.0,2.648674726486206,17.0,1.7496981620788574,0.0,0.0,
output_module_residual,0.9490973949432373,0.9490973949432373,0.9490973949432373,0.9490973949432373,0.826107382774353,0.0,0.9490973949432373,0.9490973949432373,0.9490973949432373,0.9490973949432373,0.826107382774353,0.0,0.701389729976654,0.24770759046077728,0.701389729976654,0.24770759046077728,0.701389729976654,0.24770759046077728,0.701389729976654,0.24770759046077728,0.701389729976654,0.12471762299537659,0.0,0.0,
