,TARGET-30-PANZPV-01,TARGET-30-PATDXG-01,TARGET-30-PAPEFE-01,THR31_0881_S01,TARGET-30-PAPICY-01,TARGET-30-PASVRU-01,TARGET-30-PASNPG-02,TH40_2269_S01,TARGET-30-PASWFB-01,TARGET-30-PASGAP-02,TARGET-30-PANNMS-01,TH03_0288_S01,TARGET-30-PASSRN-01,TARGET-30-PASUCB-01,TARGET-30-PAPTFZ-01,TARGET-30-PASPBZ-01,TARGET-30-PAPEAV-01,TARGET-30-PANJLH-01,TH27_1356_S01,TH40_2262_S01
ADRN,0.9870837,0.987399,0.9876096,0.027130617,0.9872822,0.9872628,0.9864783,0.9665845,0.98725015,0.9648695,0.98728,0.98723304,0.9869604,0.987665,0.98726416,0.98724514,0.9872731,0.035208594,0.91833097,0.15994902
MES,0.012916339,0.012601053,0.012390377,0.9728694,0.012717774,0.012737204,0.0135216825,0.033415537,0.012749875,0.035130557,0.012720038,0.012766975,0.013039573,0.012335043,0.012735838,0.012754894,0.012726823,0.9647915,0.08166903,0.840051
