,TARGET-30-PARBGP-01,TARGET-30-PANLET-01,TARGET-30-PAKYZS-01,TARGET-30-PASZKE-01,TH03_0008_S01,TH40_2240_S01,TARGET-30-PAPVFD-01,TARGET-30-PAMYCE-01,TARGET-30-PATFCY-01,TARGET-30-PAIPGU-01,TARGET-30-PARFWB-01,TARGET-30-PALZZV-01,THR31_0883_S01,TARGET-30-PATAYJ-01,TARGET-30-PAMNLH-01,TARGET-30-PAMEZH-01,TH40_2218_S01,TARGET-30-PANKFE-01,TH40_2272_S01,TARGET-30-PALVKK-01
ADRN,0.99592316,0.9959233,0.9958585,0.9959227,0.9959228,0.87761384,0.99592304,0.995928,0.9959233,0.99592066,0.99592316,0.9959233,0.9959031,0.99592304,0.99592304,0.9959198,0.9959227,0.004133868,0.0041343137,0.0041371793
MES,0.0040768157,0.004076761,0.004141545,0.0040773656,0.0040772166,0.12238614,0.0040768986,0.0040719453,0.0040767593,0.0040793023,0.004076804,0.004076719,0.0040969807,0.0040769163,0.00407699,0.004080182,0.0040773386,0.9958662,0.9958657,0.99586284
