Module,0.5_sum_abs,0.6_sum_abs,0.7_sum_abs,0.8_sum_abs,0.9_sum_abs,1_sum_abs,0.5_sum,0.6_sum,0.7_sum,0.8_sum,0.9_sum,1_sum,0.5_sum_False_strg,0.5_sum_True_strg,0.6_sum_False_strg,0.6_sum_True_strg,0.7_sum_False_strg,0.7_sum_True_strg,0.8_sum_False_strg,0.8_sum_True_strg,0.9_sum_False_strg,0.9_sum_True_strg,1_sum_False_strg,1_sum_True_strg,
output_module,200.0,198.0,196.0,190.0,182.0,0.0,92.99569702148438,94.88887786865234,94.53887939453125,93.1749496459961,91.69648742675781,0.0,46.008934020996094,46.986759185791016,47.00893783569336,47.87994384765625,47.00893783569336,47.529945373535156,46.57073974609375,46.60421371459961,46.0234375,45.67304992675781,0.0,0.0,
output_module_residual,8.960939407348633,8.392459869384766,8.19810962677002,7.59164571762085,6.941205024719238,0.0,6.239163398742676,6.807642936706543,6.778298377990723,7.016495704650879,6.8268256187438965,0.0,2.444723606109619,3.794440269470215,2.888545036315918,3.919098377227783,2.888545036315918,3.8897531032562256,3.1566109657287598,3.859884023666382,3.0652060508728027,3.7616190910339355,0.0,0.0,
