Module,0.5_sum,0.6_sum,0.7_sum,0.8_sum,0.9_sum,1_sum,
output_module,189.6065673828125,189.6065673828125,188.8332061767578,187.0609130859375,0.0,0.0,94.3200912475586,95.28648376464844,94.3200912475586,95.28648376464844,93.54673767089844,95.28648376464844,93.54673767089844,93.51416778564453,0.0,0.0,0.0,0.0,
output_module_residual,8.393428802490234,8.393428802490234,8.166787147521973,7.939104080200195,0.0,0.0,4.679904460906982,3.713524341583252,4.679904460906982,3.713524341583252,4.453263282775879,3.713524341583252,4.453263282775879,3.4858410358428955,0.0,0.0,0.0,0.0,
