Module,0.5_sum,0.6_sum,0.7_sum,0.8_sum,0.9_sum,1_sum,
logic1,78.8874740600586,78.8874740600586,78.23149108886719,76.10090637207031,0.0,0.0,13.369929313659668,65.51754760742188,13.369929313659668,65.51754760742188,12.71395492553711,65.51754760742188,12.71395492553711,63.38695526123047,0.0,0.0,0.0,0.0,
logic1_residual,6.802988052368164,6.802988052368164,6.856480121612549,6.614443778991699,0.0,0.0,1.9390597343444824,4.86392879486084,1.9390597343444824,4.86392879486084,1.9925519227981567,4.86392879486084,1.9925519227981567,4.621892929077148,0.0,0.0,0.0,0.0,
logic2,61.78971862792969,61.78971862792969,63.28933334350586,62.520301818847656,0.0,0.0,11.366941452026367,50.42277526855469,11.366941452026367,50.42277526855469,12.866570472717285,50.42277526855469,12.866570472717285,49.65373229980469,0.0,0.0,0.0,0.0,
logic2_residual,6.802988052368164,6.802988052368164,6.856480121612549,6.614443778991699,0.0,0.0,1.9390597343444824,4.86392879486084,1.9390597343444824,4.86392879486084,1.9925519227981567,4.86392879486084,1.9925519227981567,4.621892929077148,0.0,0.0,0.0,0.0,
logic_rnd,-5.045350551605225,-5.045350551605225,-5.40098237991333,-4.652804374694824,0.0,0.0,10.189075469970703,-15.23442554473877,10.189075469970703,-15.23442554473877,9.833443641662598,-15.23442554473877,9.833443641662598,-14.486248970031738,0.0,0.0,0.0,0.0,
logic_rnd_residual,6.802988052368164,6.802988052368164,6.856480121612549,6.614443778991699,0.0,0.0,1.9390597343444824,4.86392879486084,1.9390597343444824,4.86392879486084,1.9925519227981567,4.86392879486084,1.9925519227981567,4.621892929077148,0.0,0.0,0.0,0.0,
