Module,0.5_sum_abs,0.6_sum_abs,0.7_sum_abs,0.8_sum_abs,0.9_sum_abs,1_sum_abs,0.5_sum,0.6_sum,0.7_sum,0.8_sum,0.9_sum,1_sum,0.5_sum_False_strg,0.5_sum_True_strg,0.6_sum_False_strg,0.6_sum_True_strg,0.7_sum_False_strg,0.7_sum_True_strg,0.8_sum_False_strg,0.8_sum_True_strg,0.9_sum_False_strg,0.9_sum_True_strg,1_sum_False_strg,1_sum_True_strg,
output_module,100.0,96.99999237060547,96.0,92.99999237060547,92.0,0.0,93.33554077148438,91.94795227050781,91.07332611083984,88.07331848144531,87.20248413085938,0.0,42.78632736206055,50.54921340942383,42.073326110839844,49.87464141845703,42.073326110839844,49.0,42.073326110839844,46.0,41.20248031616211,46.0,0.0,0.0,
output_module_residual,6.588364601135254,4.968601226806641,4.681253433227539,4.27153205871582,4.157120704650879,0.0,6.588364601135254,4.968601226806641,4.681253433227539,4.27153205871582,4.157120704650879,0.0,3.463756561279297,3.124608039855957,2.2834291458129883,2.6851720809936523,2.2834291458129883,2.397824287414551,2.2834291458129883,1.988102912902832,2.169017791748047,1.988102912902832,0.0,0.0,
