Module,0.5_sum_abs,0.6_sum_abs,0.7_sum_abs,0.8_sum_abs,0.9_sum_abs,1_sum_abs,0.5_sum,0.6_sum,0.7_sum,0.8_sum,0.9_sum,1_sum,0.5_sum_ADRN,0.5_sum_MES,0.6_sum_ADRN,0.6_sum_MES,0.7_sum_ADRN,0.7_sum_MES,0.8_sum_ADRN,0.8_sum_MES,0.9_sum_ADRN,0.9_sum_MES,1_sum_ADRN,1_sum_MES,
output_module,141.0,141.0,141.0,141.0,141.0,0.0,77.21903991699219,77.21903991699219,77.21903991699219,77.21903991699219,77.21903991699219,0.0,57.21903991699219,20.0,57.21903991699219,20.0,57.21903991699219,20.0,57.21903991699219,20.0,57.21903991699219,20.0,0.0,0.0,
output_module_residual,3.9052634239196777,3.9052634239196777,3.9052634239196777,3.9052634239196777,3.9052634239196777,0.0,3.9052634239196777,3.9052634239196777,3.9052634239196777,3.9052634239196777,3.9052634239196777,0.0,3.431959629058838,0.47330397367477417,3.431959629058838,0.47330397367477417,3.431959629058838,0.47330397367477417,3.431959629058838,0.47330397367477417,3.431959629058838,0.47330397367477417,0.0,0.0,
