Module,0.5_sum_abs,0.6_sum_abs,0.7_sum_abs,0.8_sum_abs,0.9_sum_abs,1_sum_abs,0.5_sum,0.6_sum,0.7_sum,0.8_sum,0.9_sum,1_sum,0.5_sum_False_strg,0.5_sum_True_strg,0.6_sum_False_strg,0.6_sum_True_strg,0.7_sum_False_strg,0.7_sum_True_strg,0.8_sum_False_strg,0.8_sum_True_strg,0.9_sum_False_strg,0.9_sum_True_strg,1_sum_False_strg,1_sum_True_strg,
output_module,200.0,196.0,191.0,183.0,166.0,0.0,192.36184692382812,191.264404296875,188.16812133789062,182.26730346679688,165.6931610107422,0.0,91.57025146484375,100.79159545898438,91.55150604248047,99.712890625,90.6885986328125,97.47953796386719,87.48788452148438,94.7794189453125,74.69315338134766,91.0,0.0,0.0,
output_module_residual,16.929840087890625,15.087956428527832,13.740242004394531,12.01380729675293,9.09386920928955,0.0,13.625704765319824,14.211498260498047,13.740242004394531,12.01380729675293,9.09386920928955,0.0,9.314969062805176,4.310733795166016,10.21232795715332,3.9991700649261475,10.110821723937988,3.629420042037964,8.64457893371582,3.3692264556884766,6.032039642333984,3.061829090118408,0.0,0.0,
