Module,0.5_sum,0.6_sum,0.7_sum,0.8_sum,0.9_sum,1_sum,
output_module,151.05953979492188,150.3043212890625,148.6787567138672,146.9326171875,0.0,0.0,73.63192749023438,77.4276123046875,72.87671661376953,77.4276123046875,72.11012268066406,76.56861877441406,70.36400604248047,76.56861877441406,0.0,0.0,0.0,0.0,
output_module_residual,8.94046401977539,7.695676803588867,7.321259498596191,7.067380428314209,0.0,0.0,5.368074417114258,3.572389841079712,4.123287677764893,3.572389841079712,3.889871597290039,3.4313883781433105,3.6359918117523193,3.4313883781433105,0.0,0.0,0.0,0.0,
