Module,0.5_sum,0.6_sum,0.7_sum,0.8_sum,0.9_sum,1_sum,
logic1,66.94586181640625,70.38734436035156,69.94832611083984,68.37025451660156,0.0,0.0,12.58885383605957,54.35700607299805,16.030332565307617,54.35700607299805,15.197664260864258,54.750667572021484,13.619588851928711,54.750667572021484,0.0,0.0,0.0,0.0,
logic1_residual,3.5443058013916016,3.6861941814422607,3.6197681427001953,3.6923937797546387,0.0,0.0,0.9411451816558838,2.6031603813171387,1.083033561706543,2.6031603813171387,1.1199147701263428,2.4998536109924316,1.1925400495529175,2.4998536109924316,0.0,0.0,0.0,0.0,
logic2,55.24811553955078,54.001487731933594,53.14193344116211,55.51367950439453,0.0,0.0,3.3513269424438477,51.89678192138672,2.1047041416168213,51.89678192138672,3.4156529903411865,49.72627258300781,5.787405490875244,49.72627258300781,0.0,0.0,0.0,0.0,
logic2_residual,3.5443058013916016,3.6861941814422607,3.6197681427001953,3.6923937797546387,0.0,0.0,0.9411451816558838,2.6031603813171387,1.083033561706543,2.6031603813171387,1.1199147701263428,2.4998536109924316,1.1925400495529175,2.4998536109924316,0.0,0.0,0.0,0.0,
logic_rnd,-2.181797742843628,-3.18921160697937,-3.0406031608581543,-3.4880828857421875,0.0,0.0,11.257150650024414,-13.438947677612305,10.249736785888672,-13.438947677612305,10.010388374328613,-13.050992012023926,9.562907218933105,-13.050992012023926,0.0,0.0,0.0,0.0,
logic_rnd_residual,3.5443058013916016,3.6861941814422607,3.6197681427001953,3.6923937797546387,0.0,0.0,0.9411451816558838,2.6031603813171387,1.083033561706543,2.6031603813171387,1.1199147701263428,2.4998536109924316,1.1925400495529175,2.4998536109924316,0.0,0.0,0.0,0.0,
