Module,0.5_sum_abs,0.6_sum_abs,0.7_sum_abs,0.8_sum_abs,0.9_sum_abs,1_sum_abs,0.5_sum,0.6_sum,0.7_sum,0.8_sum,0.9_sum,1_sum,0.5_sum_female,0.5_sum_male,0.6_sum_female,0.6_sum_male,0.7_sum_female,0.7_sum_male,0.8_sum_female,0.8_sum_male,0.9_sum_female,0.9_sum_male,1_sum_female,1_sum_male,
MNNOutput,168.00299072265625,167.2071533203125,162.8818359375,162.8818359375,0.0,0.0,164.71998596191406,163.92416381835938,162.36026000976562,162.36026000976562,0.0,0.0,80.86686706542969,83.85313415527344,80.86686706542969,83.05729675292969,79.302978515625,83.05729675292969,79.302978515625,83.05729675292969,0.0,0.0,0.0,0.0,
MNNOutput_residual,7.2800116539001465,7.07584285736084,6.639739990234375,6.639739990234375,0.0,0.0,7.2800116539001465,7.07584285736084,6.639739990234375,6.639739990234375,0.0,0.0,4.1331377029418945,3.1468749046325684,4.1331377029418945,2.9427051544189453,3.6970345973968506,2.9427051544189453,3.6970345973968506,2.9427051544189453,0.0,0.0,0.0,0.0,
