Module,0.5_sum,0.6_sum,0.7_sum,0.8_sum,0.9_sum,1_sum,
output_module,590.1066284179688,589.0484008789062,580.6829223632812,533.2095947265625,0.0,0.0,292.5982971191406,297.50836181640625,292.5982971191406,296.45013427734375,287.9703369140625,292.712646484375,253.402099609375,279.80743408203125,0.0,0.0,0.0,0.0,
output_module_residual,49.893348693847656,45.95160675048828,43.317054748535156,35.790435791015625,0.0,0.0,21.401714324951172,28.491640090942383,21.401714324951172,24.54989242553711,20.02967643737793,23.28738021850586,14.597880363464355,21.19255256652832,0.0,0.0,0.0,0.0,
