Module,0.5_sum,0.6_sum,0.7_sum,0.8_sum,0.9_sum,1_sum,
logic1,211.45249938964844,209.200439453125,205.48594665527344,165.72900390625,0.0,0.0,66.80432891845703,144.64816284179688,66.80432891845703,142.39610290527344,62.664955139160156,142.8209991455078,31.239585876464844,134.4894256591797,0.0,0.0,0.0,0.0,
logic1_residual,17.40959358215332,17.30034637451172,16.870800018310547,16.017789840698242,0.0,0.0,2.92864727973938,14.480947494506836,2.92864727973938,14.371698379516602,3.0552210807800293,13.815580368041992,3.783165693283081,12.234624862670898,0.0,0.0,0.0,0.0,
logic2,272.90008544921875,273.8258361816406,270.5903015136719,294.9705505371094,0.0,0.0,17.8997745513916,255.00030517578125,17.8997745513916,255.92605590820312,23.527801513671875,247.06253051757812,63.27019500732422,231.70037841796875,0.0,0.0,0.0,0.0,
logic2_residual,17.40959358215332,17.30034637451172,16.870800018310547,16.017789840698242,0.0,0.0,2.92864727973938,14.480947494506836,2.92864727973938,14.371698379516602,3.0552210807800293,13.815580368041992,3.783165693283081,12.234624862670898,0.0,0.0,0.0,0.0,
logic_rnd,-2.03043794631958,-1.5140795707702637,-1.6842269897460938,-2.8096237182617188,0.0,0.0,6.0674238204956055,-8.09786319732666,6.0674238204956055,-7.581503868103027,5.929265022277832,-7.613492012023926,4.5308518409729,-7.340476036071777,0.0,0.0,0.0,0.0,
logic_rnd_residual,17.40959358215332,17.30034637451172,16.870800018310547,16.017789840698242,0.0,0.0,2.92864727973938,14.480947494506836,2.92864727973938,14.371698379516602,3.0552210807800293,13.815580368041992,3.783165693283081,12.234624862670898,0.0,0.0,0.0,0.0,
