Module,0.5_sum,0.6_sum,0.7_sum,0.8_sum,0.9_sum,1_sum,
output_module,569.79150390625,566.6243286132812,553.0546875,430.1930236816406,0.0,0.0,298.7576904296875,271.0338134765625,296.38641357421875,270.23785400390625,284.81298828125,268.24169921875,188.1302032470703,242.0628204345703,0.0,0.0,0.0,0.0,
output_module_residual,70.20848083496094,66.37568664550781,62.94528579711914,47.80696105957031,0.0,0.0,25.242307662963867,44.96617126464844,22.613567352294922,43.762123107910156,20.187009811401367,42.75827407836914,10.86979866027832,36.93715286254883,0.0,0.0,0.0,0.0,
