Module,0.5_sum,0.6_sum,0.7_sum,0.8_sum,0.9_sum,1_sum,
logic1,200.26222229003906,211.6514892578125,215.54263305664062,165.9558868408203,0.0,0.0,72.47078704833984,127.79141998291016,84.56391143798828,127.08758544921875,92.53113555908203,123.011474609375,61.46677017211914,104.48912811279297,0.0,0.0,0.0,0.0,
logic1_residual,16.599365234375,17.01912498474121,16.89725112915039,14.59204387664795,0.0,0.0,5.024592876434326,11.574771881103516,5.513734817504883,11.505390167236328,5.569375038146973,11.327875137329102,4.984647750854492,9.607397079467773,0.0,0.0,0.0,0.0,
logic2,158.36764526367188,152.2861785888672,147.71759033203125,163.18392944335938,0.0,0.0,16.90378761291504,141.4638671875,10.853972434997559,141.4322052001953,4.632240295410156,143.08535766601562,29.168203353881836,134.0157012939453,0.0,0.0,0.0,0.0,
logic2_residual,16.599365234375,17.01912498474121,16.89725112915039,14.59204387664795,0.0,0.0,5.024592876434326,11.574771881103516,5.513734817504883,11.505390167236328,5.569375038146973,11.327875137329102,4.984647750854492,9.607397079467773,0.0,0.0,0.0,0.0,
logic_rnd,6.141504764556885,4.0910162925720215,2.8588531017303467,-5.297735214233398,0.0,0.0,23.86862564086914,-17.727123260498047,21.771329879760742,-17.680315017700195,20.06072998046875,-17.201875686645508,8.933939933776855,-14.231673240661621,0.0,0.0,0.0,0.0,
logic_rnd_residual,16.599365234375,17.01912498474121,16.89725112915039,14.59204387664795,0.0,0.0,5.024592876434326,11.574771881103516,5.513734817504883,11.505390167236328,5.569375038146973,11.327875137329102,4.984647750854492,9.607397079467773,0.0,0.0,0.0,0.0,
