Module,0.5_sum,0.6_sum,0.7_sum,0.8_sum,0.9_sum,1_sum,
logic1,104.12120056152344,57.17353820800781,49.91890335083008,45.804466247558594,0.0,0.0,44.506622314453125,59.61457061767578,12.190120697021484,44.98341369628906,3.531749963760376,46.38715362548828,2.5181736946105957,43.286293029785156,0.0,0.0,0.0,0.0,
logic1_residual,2.602506160736084,2.811892509460449,2.9507133960723877,2.7453575134277344,0.0,0.0,0.025098301470279694,2.5774078369140625,0.5397277474403381,2.2721645832061768,0.730209469795227,2.220503807067871,0.74564129114151,1.9997165203094482,0.0,0.0,0.0,0.0,
logic2,-0.6080987453460693,42.627647399902344,49.527099609375,48.12407684326172,0.0,0.0,-26.953641891479492,26.345542907714844,13.030366897583008,29.59728240966797,24.712993621826172,24.814104080200195,24.41140365600586,23.712671279907227,0.0,0.0,0.0,0.0,
logic2_residual,2.602506160736084,2.811892509460449,2.9507133960723877,2.7453575134277344,0.0,0.0,0.025098301470279694,2.5774078369140625,0.5397277474403381,2.2721645832061768,0.730209469795227,2.220503807067871,0.74564129114151,1.9997165203094482,0.0,0.0,0.0,0.0,
logic_rnd,-1.0837358236312866,-0.06367922574281693,0.7801411747932434,1.043006420135498,0.0,0.0,-4.872838020324707,3.7891018390655518,-3.013180732727051,2.9495012760162354,-2.0060393810272217,2.7861804962158203,-1.562723994255066,2.6057302951812744,0.0,0.0,0.0,0.0,
logic_rnd_residual,2.602506160736084,2.811892509460449,2.9507133960723877,2.7453575134277344,0.0,0.0,0.025098301470279694,2.5774078369140625,0.5397277474403381,2.2721645832061768,0.730209469795227,2.220503807067871,0.74564129114151,1.9997165203094482,0.0,0.0,0.0,0.0,
