Module,0.5_sum,0.6_sum,0.7_sum,0.8_sum,0.9_sum,1_sum,
output_module,144.85804748535156,136.32156372070312,130.7635955810547,121.02425384521484,0.0,0.0,70.19881439208984,74.65923309326172,63.369346618652344,72.95222473144531,59.39310836791992,71.37047576904297,54.007965087890625,67.01628875732422,0.0,0.0,0.0,0.0,
output_module_residual,15.141958236694336,10.67843246459961,9.236410140991211,7.975746154785156,0.0,0.0,6.801191329956055,8.340764999389648,4.630654335021973,6.047779083251953,3.6068923473358154,5.629518508911133,2.992037534713745,4.983708381652832,0.0,0.0,0.0,0.0,
