Module,0.5_sum,0.6_sum,0.7_sum,0.8_sum,0.9_sum,1_sum,
logic1,66.30560302734375,58.50341796875,58.103797912597656,49.777854919433594,0.0,0.0,1.7102138996124268,64.59539031982422,1.7102138996124268,56.7932014465332,0.3895573616027832,57.71424102783203,-0.41451597213745117,50.19236755371094,0.0,0.0,0.0,0.0,
logic1_residual,4.697872161865234,4.571109771728516,4.488631248474121,4.379666805267334,0.0,0.0,1.5062423944473267,3.1916303634643555,1.5062423944473267,3.0648672580718994,1.5125486850738525,2.9760825634002686,1.5077476501464844,2.8719193935394287,0.0,0.0,0.0,0.0,
logic2,55.13868713378906,59.54181671142578,59.395545959472656,64.43202209472656,0.0,0.0,23.34010124206543,31.798587799072266,23.34010124206543,36.20171356201172,25.551250457763672,33.84429168701172,26.770740509033203,37.661277770996094,0.0,0.0,0.0,0.0,
logic2_residual,4.697872161865234,4.571109771728516,4.488631248474121,4.379666805267334,0.0,0.0,1.5062423944473267,3.1916303634643555,1.5062423944473267,3.0648672580718994,1.5125486850738525,2.9760825634002686,1.5077476501464844,2.8719193935394287,0.0,0.0,0.0,0.0,
logic_rnd,-2.934199333190918,-1.5752651691436768,-1.9340269565582275,-0.9658111333847046,0.0,0.0,13.054601669311523,-15.988800048828125,13.054601669311523,-14.629865646362305,12.335105895996094,-14.269133567810059,11.890954971313477,-12.856764793395996,0.0,0.0,0.0,0.0,
logic_rnd_residual,4.697872161865234,4.571109771728516,4.488631248474121,4.379666805267334,0.0,0.0,1.5062423944473267,3.1916303634643555,1.5062423944473267,3.0648672580718994,1.5125486850738525,2.9760825634002686,1.5077476501464844,2.8719193935394287,0.0,0.0,0.0,0.0,
