Module,0.5_sum,0.6_sum,0.7_sum,0.8_sum,0.9_sum,1_sum,
output_module,149.87875366210938,149.57376098632812,147.9481964111328,145.3887176513672,0.0,0.0,70.05375671386719,79.82499694824219,70.05375671386719,79.52000427246094,69.27811431884766,78.67007446289062,68.44223022460938,76.94649505615234,0.0,0.0,0.0,0.0,
output_module_residual,10.121240615844727,9.426237106323242,9.051810264587402,8.611284255981445,0.0,0.0,5.946237087249756,4.1750030517578125,5.946237087249756,3.4800000190734863,5.721880912780762,3.3299295902252197,5.557772636413574,3.0535120964050293,0.0,0.0,0.0,0.0,
