Module,0.5_sum,0.6_sum,0.7_sum,0.8_sum,0.9_sum,1_sum,
logic1,280.79730224609375,229.50265502929688,182.92330932617188,189.25149536132812,0.0,0.0,96.96912384033203,183.82814025878906,44.08876037597656,185.41387939453125,-4.230084419250488,187.15338134765625,7.051379680633545,182.20010375976562,0.0,0.0,0.0,0.0,
logic1_residual,10.951820373535156,11.709700584411621,12.542859077453613,11.859543800354004,0.0,0.0,1.6037989854812622,9.34801959991455,2.8129167556762695,8.896783828735352,3.7320504188537598,8.810808181762695,3.6245133876800537,8.235029220581055,0.0,0.0,0.0,0.0,
logic2,111.97709655761719,176.3905029296875,228.9678955078125,206.03305053710938,0.0,0.0,-8.987998008728027,120.96510314941406,66.2527084350586,110.1378173828125,124.42538452148438,104.54251861572266,108.33085632324219,97.70218658447266,0.0,0.0,0.0,0.0,
logic2_residual,10.951820373535156,11.709700584411621,12.542859077453613,11.859543800354004,0.0,0.0,1.6037989854812622,9.34801959991455,2.8129167556762695,8.896783828735352,3.7320504188537598,8.810808181762695,3.6245133876800537,8.235029220581055,0.0,0.0,0.0,0.0,
logic_rnd,-4.320072174072266,-0.11960065364837646,2.7189457416534424,3.240208148956299,0.0,0.0,-16.714797973632812,12.39472770690918,-11.777750968933105,11.658151626586914,-8.597193717956543,11.316139221191406,-7.217979431152344,10.458187103271484,0.0,0.0,0.0,0.0,
logic_rnd_residual,10.951820373535156,11.709700584411621,12.542859077453613,11.859543800354004,0.0,0.0,1.6037989854812622,9.34801959991455,2.8129167556762695,8.896783828735352,3.7320504188537598,8.810808181762695,3.6245133876800537,8.235029220581055,0.0,0.0,0.0,0.0,
