Module,0.5_sum_abs,0.6_sum_abs,0.7_sum_abs,0.8_sum_abs,0.9_sum_abs,1_sum_abs,0.5_sum,0.6_sum,0.7_sum,0.8_sum,0.9_sum,1_sum,0.5_sum_False_strg,0.5_sum_True_strg,0.6_sum_False_strg,0.6_sum_True_strg,0.7_sum_False_strg,0.7_sum_True_strg,0.8_sum_False_strg,0.8_sum_True_strg,0.9_sum_False_strg,0.9_sum_True_strg,1_sum_False_strg,1_sum_True_strg,
output_module,200.0,195.0,189.0,175.0,155.0,0.0,93.24610137939453,92.61759185791016,92.23468017578125,84.0517349243164,72.82699584960938,0.0,20.63802719116211,72.60806274414062,21.513816833496094,71.10377502441406,23.062435150146484,69.17223358154297,21.33895492553711,62.7127799987793,18.236045837402344,54.590938568115234,0.0,0.0,
output_module_residual,8.33047866821289,7.525258541107178,6.731370449066162,5.71035623550415,4.723996162414551,0.0,4.762025833129883,4.972158908843994,5.282421112060547,4.508594989776611,4.236248970031738,0.0,1.5918824672698975,3.1701431274414062,1.8137036561965942,3.1584553718566895,2.047473669052124,3.234947681427002,1.952414631843567,2.556180238723755,2.0623831748962402,2.173865795135498,0.0,0.0,
