Module,0.5_sum_abs,0.6_sum_abs,0.7_sum_abs,0.8_sum_abs,0.9_sum_abs,1_sum_abs,0.5_sum,0.6_sum,0.7_sum,0.8_sum,0.9_sum,1_sum,0.5_sum_False_strg,0.5_sum_True_strg,0.6_sum_False_strg,0.6_sum_True_strg,0.7_sum_False_strg,0.7_sum_True_strg,0.8_sum_False_strg,0.8_sum_True_strg,0.9_sum_False_strg,0.9_sum_True_strg,1_sum_False_strg,1_sum_True_strg,
output_module,100.0,99.00000762939453,97.0,95.0,86.0,0.0,41.412479400634766,42.391265869140625,43.18779754638672,43.51515579223633,42.94043731689453,0.0,22.899261474609375,18.513216018676758,22.899261474609375,19.492002487182617,23.49791717529297,19.68987464904785,23.318639755249023,20.19651985168457,22.82404327392578,20.116390228271484,0.0,0.0,
output_module_residual,4.324292182922363,4.187731742858887,3.9936904907226562,3.793818950653076,3.1377859115600586,0.0,2.791337490081787,2.9278974533081055,3.121938943862915,3.064483165740967,3.1377859115600586,0.0,1.6098387241363525,1.1814988851547241,1.6098387241363525,1.318058967590332,1.6842674016952515,1.4376716613769531,1.5556035041809082,1.508879542350769,1.487520694732666,1.6502649784088135,0.0,0.0,
