Module,0.5_sum_abs,0.6_sum_abs,0.7_sum_abs,0.8_sum_abs,0.9_sum_abs,1_sum_abs,0.5_sum,0.6_sum,0.7_sum,0.8_sum,0.9_sum,1_sum,0.5_sum_ADRN,0.5_sum_MES,0.6_sum_ADRN,0.6_sum_MES,0.7_sum_ADRN,0.7_sum_MES,0.8_sum_ADRN,0.8_sum_MES,0.9_sum_ADRN,0.9_sum_MES,1_sum_ADRN,1_sum_MES,
output_module,40.0,40.0,39.0,39.0,38.0,0.0,34.129600524902344,34.129600524902344,34.887939453125,34.887939453125,33.887935638427734,0.0,30.887935638427734,3.2416651248931885,30.887935638427734,3.2416651248931885,30.887935638427734,4.0,30.887935638427734,4.0,29.887937545776367,4.0,0.0,0.0,
output_module_residual,1.141019582748413,1.141019582748413,0.9425101280212402,0.9425101280212402,0.8659862279891968,0.0,0.7440005540847778,0.7440005540847778,0.9425101280212402,0.9425101280212402,0.8659862279891968,0.0,0.6750167012214661,0.06898394972085953,0.6750167012214661,0.06898394972085953,0.6750167012214661,0.26749342679977417,0.6750167012214661,0.26749342679977417,0.5984928607940674,0.26749342679977417,0.0,0.0,
