,TH40_2265_S01,TH40_2235_S02,TH27_1403_S01,TH40_2249_S01,TARGET-30-PASXGP-01,TARGET-30-PANUIF-01,TARGET-30-PAPUNH-01,TARGET-30-PASNML-01,TARGET-30-PASNEF-01,TARGET-30-PAPTLV-01,TH03_0287_S01,TARGET-30-PARBAJ-01,TARGET-30-PAMEZH-01,TARGET-30-PASWVY-01,TARGET-30-PAMVRA-01,TARGET-30-PASTCN-01,TARGET-30-PASXHE-01,TARGET-30-PANXJL-01,TH40_2285_S01,TH27_1356_S01,TARGET-30-PATDXC-01,TARGET-30-PASXRG-01,TARGET-30-PASMDM-01,TARGET-30-PAPLSD-01,TARGET-30-PAMNLH-01,TARGET-30-PASNPG-02,TARGET-30-PASMNT-01,TARGET-30-PARYNK-01,TARGET-30-PANZVU-01,TH40_2274_S01,TARGET-30-PASVRU-01,TARGET-30-PAMYCE-01,TARGET-30-PAIFXV-01,TARGET-30-PASWYR-01,TARGET-30-PATEPF-01,TARGET-30-PARAMT-01,THR31_0914_S01,TH06_0649_S01,TARGET-30-PAPZYZ-01,TH40_2272_S01
ADRN,0.99892056,0.99892044,0.97825617,0.997815,0.99892056,0.9989221,0.99892163,0.99892056,0.9989202,0.82604414,0.9989221,0.9989221,0.99888915,0.9989222,0.9989203,0.9989203,0.9989213,0.0043276562,0.004322188,0.9200544,0.998919,0.99892116,0.9989214,0.9989215,0.99892044,0.99840313,0.99892056,0.99892056,0.9989207,0.99892056,0.9989202,0.9989079,0.99539435,0.99892044,0.9989203,0.9989209,0.99892044,0.3249556,0.0043079946,0.004629206
MES,0.0010794351,0.001079543,0.02174381,0.0021849836,0.0010794887,0.0010779138,0.00107836,0.0010795,0.0010797642,0.17395583,0.0010779278,0.0010778866,0.001110905,0.0010777869,0.0010797478,0.0010796613,0.001078766,0.99567235,0.99567777,0.0799456,0.0010809674,0.0010788132,0.0010786004,0.0010785111,0.00107959,0.0015969162,0.0010794757,0.0010795093,0.0010793483,0.0010795031,0.0010798234,0.0010920173,0.0046056556,0.0010795523,0.0010797478,0.0010791607,0.0010795997,0.6750444,0.9956921,0.9953708
