Module,0.5_sum_abs,0.6_sum_abs,0.7_sum_abs,0.8_sum_abs,0.9_sum_abs,1_sum_abs,0.5_sum,0.6_sum,0.7_sum,0.8_sum,0.9_sum,1_sum,0.5_sum_False_strg,0.5_sum_True_strg,0.6_sum_False_strg,0.6_sum_True_strg,0.7_sum_False_strg,0.7_sum_True_strg,0.8_sum_False_strg,0.8_sum_True_strg,0.9_sum_False_strg,0.9_sum_True_strg,1_sum_False_strg,1_sum_True_strg,
output_module,100.00000762939453,98.0,97.0,93.0,85.0,0.0,97.33928680419922,95.80028533935547,95.8486328125,92.5150146484375,84.68567657470703,0.0,44.88946533203125,52.449825286865234,43.99578857421875,51.80448913574219,44.04414749145508,51.80448913574219,41.57856369018555,50.93644714355469,37.68567657470703,47.0,0.0,0.0,
output_module_residual,7.953432083129883,7.409931182861328,6.911157608032227,5.8030595779418945,4.509980201721191,0.0,6.95588493347168,6.412384033203125,6.911157608032227,5.8030595779418945,4.509980201721191,0.0,4.843160629272461,2.112724781036377,4.533754348754883,1.8786301612854004,5.032527923583984,1.8786301612854004,4.003260612487793,1.7997989654541016,2.9629616737365723,1.5470178127288818,0.0,0.0,
