Module,0.5_sum,0.6_sum,0.7_sum,0.8_sum,0.9_sum,1_sum,
logic1,66.94729614257812,66.55712127685547,68.34363555908203,68.56636810302734,0.0,0.0,12.325925827026367,54.62137222290039,11.935749053955078,54.62137222290039,11.935749053955078,56.40788269042969,11.935749053955078,56.630615234375,0.0,0.0,0.0,0.0,
logic1_residual,5.604762077331543,5.639094829559326,5.574965476989746,5.4985175132751465,0.0,0.0,1.956483006477356,3.6482791900634766,1.9908154010772705,3.6482791900634766,1.9908154010772705,3.5841498374938965,1.9908154010772705,3.507702112197876,0.0,0.0,0.0,0.0,
logic2,78.35643005371094,79.1488037109375,75.58106994628906,73.8824691772461,0.0,0.0,20.37999725341797,57.97642517089844,21.172378540039062,57.97642517089844,21.172378540039062,54.408695220947266,21.172378540039062,52.7100944519043,0.0,0.0,0.0,0.0,
logic2_residual,5.604762077331543,5.639094829559326,5.574965476989746,5.4985175132751465,0.0,0.0,1.956483006477356,3.6482791900634766,1.9908154010772705,3.6482791900634766,1.9908154010772705,3.5841498374938965,1.9908154010772705,3.507702112197876,0.0,0.0,0.0,0.0,
logic_rnd,-0.20000481605529785,-0.30938929319381714,0.04717445373535156,0.5731324553489685,0.0,0.0,16.066909790039062,-16.26691436767578,15.957525253295898,-16.26691436767578,15.957525253295898,-15.91035270690918,15.957525253295898,-15.384392738342285,0.0,0.0,0.0,0.0,
logic_rnd_residual,5.604762077331543,5.639094829559326,5.574965476989746,5.4985175132751465,0.0,0.0,1.956483006477356,3.6482791900634766,1.9908154010772705,3.6482791900634766,1.9908154010772705,3.5841498374938965,1.9908154010772705,3.507702112197876,0.0,0.0,0.0,0.0,
