Module,0.5_sum,0.6_sum,0.7_sum,0.8_sum,0.9_sum,1_sum,
output_module,185.9374237060547,185.80435180664062,185.010986328125,184.11354064941406,0.0,0.0,88.0492172241211,97.88822174072266,87.9161376953125,97.88822174072266,87.9161376953125,97.09486389160156,87.9161376953125,96.1974105834961,0.0,0.0,0.0,0.0,
output_module_residual,12.062566757202148,11.195652961730957,10.989015579223633,10.886457443237305,0.0,0.0,7.950778961181641,4.111788272857666,7.083865642547607,4.111788272857666,7.083865642547607,3.905150890350342,7.083865642547607,3.8025918006896973,0.0,0.0,0.0,0.0,
