Module,0.5_sum_abs,0.6_sum_abs,0.7_sum_abs,0.8_sum_abs,0.9_sum_abs,1_sum_abs,0.5_sum,0.6_sum,0.7_sum,0.8_sum,0.9_sum,1_sum,0.5_sum_female,0.5_sum_male,0.6_sum_female,0.6_sum_male,0.7_sum_female,0.7_sum_male,0.8_sum_female,0.8_sum_male,0.9_sum_female,0.9_sum_male,1_sum_female,1_sum_male,
MNNOutput,132.84068298339844,132.84068298339844,132.84068298339844,131.84982299804688,0.0,0.0,132.69100952148438,132.69100952148438,132.69100952148438,131.84982299804688,0.0,0.0,66.80056762695312,65.89042663574219,66.80056762695312,65.89042663574219,66.80056762695312,65.89042663574219,65.95939636230469,65.89042663574219,0.0,0.0,0.0,0.0,
MNNOutput_residual,5.309006690979004,5.309006690979004,5.309006690979004,5.15017557144165,0.0,0.0,5.309006690979004,5.309006690979004,5.309006690979004,5.15017557144165,0.0,0.0,3.199436902999878,2.109569549560547,3.199436902999878,2.109569549560547,3.199436902999878,2.109569549560547,3.0406060218811035,2.109569549560547,0.0,0.0,0.0,0.0,
