metric,test,val,train,
acc,0.95625,0.98989898989899,0.9640625,
f1,0.9562482909488652,0.98989898989899,0.9640624122617487,
loss,0.4187660217285156,0.3949512839317322,0.41197842359542847,
sens,0.9563213002031568,0.98989898989899,0.9640670319046085,
spec,0.95625,0.98989898989899,0.9640625,
mcc,0.9125712974177749,0.9797979797979798,0.9281295318935441,
ep,9