Module,0.5_sum_abs,0.6_sum_abs,0.7_sum_abs,0.8_sum_abs,0.9_sum_abs,1_sum_abs,0.5_sum,0.6_sum,0.7_sum,0.8_sum,0.9_sum,1_sum,0.5_sum_ADRN,0.5_sum_MES,0.6_sum_ADRN,0.6_sum_MES,0.7_sum_ADRN,0.7_sum_MES,0.8_sum_ADRN,0.8_sum_MES,0.9_sum_ADRN,0.9_sum_MES,1_sum_ADRN,1_sum_MES,
output_module,140.0,140.0,140.0,140.0,140.0,0.0,130.9887237548828,130.9887237548828,130.9887237548828,130.9887237548828,130.9887237548828,0.0,113.37630462646484,17.612422943115234,113.37630462646484,17.612422943115234,113.37630462646484,17.612422943115234,113.37630462646484,17.612422943115234,113.37630462646484,17.612422943115234,0.0,0.0,
output_module_residual,5.33757209777832,5.33757209777832,5.33757209777832,5.33757209777832,5.33757209777832,0.0,5.33757209777832,5.33757209777832,5.33757209777832,5.33757209777832,5.33757209777832,0.0,4.4851155281066895,0.8524569869041443,4.4851155281066895,0.8524569869041443,4.4851155281066895,0.8524569869041443,4.4851155281066895,0.8524569869041443,4.4851155281066895,0.8524569869041443,0.0,0.0,
