metric,test,val,train,
acc,0.95,0.9646464646464646,0.9828125000000001,
f1,0.9499687304565354,0.9646383467278989,0.9828121223366724,
loss,0.4249028265476227,0.42006784677505493,0.4085232615470886,
sens,0.9511278195488722,0.9650735294117647,0.9828549384223222,
spec,0.95,0.9646464646464646,0.9828125000000001,
mcc,0.901127113779166,0.9297198959726097,0.9656674374897964,
ep,9