Module,0.5_sum_abs,0.6_sum_abs,0.7_sum_abs,0.8_sum_abs,0.9_sum_abs,1_sum_abs,0.5_sum,0.6_sum,0.7_sum,0.8_sum,0.9_sum,1_sum,0.5_sum_False_strg,0.5_sum_True_strg,0.6_sum_False_strg,0.6_sum_True_strg,0.7_sum_False_strg,0.7_sum_True_strg,0.8_sum_False_strg,0.8_sum_True_strg,0.9_sum_False_strg,0.9_sum_True_strg,1_sum_False_strg,1_sum_True_strg,
output_module,200.0,195.0,189.0,179.0,156.0,0.0,193.81002807617188,190.51258850097656,184.51258850097656,174.51260375976562,151.51258850097656,0.0,84.42936706542969,109.38066864013672,81.5125961303711,108.99999237060547,78.51260375976562,106.0,71.51260375976562,103.0,63.512596130371094,88.0,0.0,0.0,
output_module_residual,17.553146362304688,14.487100601196289,12.801206588745117,11.045190811157227,8.76545524597168,0.0,17.553146362304688,14.487100601196289,12.801206588745117,11.045190811157227,8.76545524597168,0.0,9.800899505615234,7.752243995666504,7.2582902908325195,7.228810787200928,6.279994964599609,6.52121114730835,4.953052043914795,6.092138290405273,3.9946789741516113,4.770774841308594,0.0,0.0,
