Module,0.5_sum_abs,0.6_sum_abs,0.7_sum_abs,0.8_sum_abs,0.9_sum_abs,1_sum_abs,0.5_sum,0.6_sum,0.7_sum,0.8_sum,0.9_sum,1_sum,0.5_sum_ADRN,0.5_sum_MES,0.6_sum_ADRN,0.6_sum_MES,0.7_sum_ADRN,0.7_sum_MES,0.8_sum_ADRN,0.8_sum_MES,0.9_sum_ADRN,0.9_sum_MES,1_sum_ADRN,1_sum_MES,
output_module,20.0,20.0,20.0,19.000001907348633,19.000001907348633,0.0,17.667959213256836,17.667959213256836,17.667959213256836,17.122753143310547,17.122753143310547,0.0,14.66795825958252,3.0,14.66795825958252,3.0,14.66795825958252,3.0,14.122751235961914,3.0,14.122751235961914,3.0,0.0,0.0,
output_module_residual,0.560839056968689,0.560839056968689,0.560839056968689,0.47240254282951355,0.47240254282951355,0.0,0.560839056968689,0.560839056968689,0.560839056968689,0.47240254282951355,0.47240254282951355,0.0,0.36159026622772217,0.1992487907409668,0.36159026622772217,0.1992487907409668,0.36159026622772217,0.1992487907409668,0.27315375208854675,0.1992487907409668,0.27315375208854675,0.1992487907409668,0.0,0.0,
