,TARGET-30-PATAYJ-01,TARGET-30-PASSRS-01,TARGET-30-PASSWW-01,TARGET-30-PASWFB-01,TH03_0008_S01,TARGET-30-PARBAJ-02,TARGET-30-PATYIL-02,TARGET-30-PANRRW-01,TARGET-30-PAPUAR-01,TARGET-30-PAUDDK-02,TARGET-30-PAUDDK-01,TARGET-30-PAPKXS-01,TARGET-30-PARSBI-01,TARGET-30-PANBJH-01,THR31_0882_S01,TARGET-30-PAPZYP-01,TARGET-30-PANZRV-01,TARGET-30-PAPTCR-01,TH06_0628_S01,TARGET-30-PANSBN-01
ADRN,0.99892044,0.9989221,0.99892265,0.99892056,0.9989222,0.99892175,0.99892044,0.99892247,0.99892056,0.99892104,0.993103,0.99892056,0.9962058,0.99892044,0.9989207,0.71798193,0.99892247,0.0043283612,0.0043282667,0.004328908
MES,0.0010796121,0.0010778742,0.001077305,0.00107945,0.0010778137,0.0010782748,0.0010796173,0.0010775139,0.0010795246,0.0010789355,0.006896966,0.0010795062,0.0037941418,0.0010795271,0.0010792881,0.28201804,0.0010775288,0.99567163,0.99567175,0.99567115
