Module,0.5_sum_abs,0.6_sum_abs,0.7_sum_abs,0.8_sum_abs,0.9_sum_abs,1_sum_abs,0.5_sum,0.6_sum,0.7_sum,0.8_sum,0.9_sum,1_sum,0.5_sum_ADRN,0.5_sum_MES,0.6_sum_ADRN,0.6_sum_MES,0.7_sum_ADRN,0.7_sum_MES,0.8_sum_ADRN,0.8_sum_MES,0.9_sum_ADRN,0.9_sum_MES,1_sum_ADRN,1_sum_MES,
output_module,41.0,40.0,40.0,40.0,40.0,0.0,39.792015075683594,40.0,40.0,40.0,40.0,0.0,32.0,7.792017936706543,32.0,8.0,32.0,8.0,32.0,8.0,32.0,8.0,0.0,0.0,
output_module_residual,1.6789956092834473,1.49399733543396,1.49399733543396,1.49399733543396,1.49399733543396,0.0,1.3089988231658936,1.49399733543396,1.49399733543396,1.49399733543396,1.49399733543396,0.0,1.1835789680480957,0.12541988492012024,1.1835789680480957,0.3104182481765747,1.1835789680480957,0.3104182481765747,1.1835789680480957,0.3104182481765747,1.1835789680480957,0.3104182481765747,0.0,0.0,
