,TARGET-30-PASHFA-01,TH06_0284_S01,TARGET-30-PANBMJ-01,TARGET-30-PATFXV-01,TARGET-30-PAPTDH-01,TARGET-30-PARHAM-01,TARGET-30-PAPBZI-01,TARGET-30-PALWVJ-01,TARGET-30-PATYIL-01,TARGET-30-PAPTLV-01,TARGET-30-PANZVU-01,TARGET-30-PASRFS-01,TARGET-30-PARACS-01,TH40_2255_S01,TARGET-30-PANBJH-01,TARGET-30-PATEPF-01,TARGET-30-PAPZYP-01,TH40_2235_S01,TARGET-30-PARKGJ-01,TH06_0649_S01,TARGET-30-PAPUAR-01,TARGET-30-PARDIW-01,TARGET-30-PASXHE-01,TARGET-30-PATYIL-02,TARGET-30-PARBAJ-02,TARGET-30-PASXRG-01,TARGET-30-PARZCJ-01,TARGET-30-PARBAJ-01,TARGET-30-PARNNC-01,TARGET-30-PALTEG-01,TARGET-30-PATGLU-01,TARGET-30-PAPUEB-01,TARGET-30-PATBMM-01,TARGET-30-PARYNK-01,TARGET-30-PASJZC-01,TARGET-30-PALXTB-01,TH40_2229_S01,TH27_0692_S01,TARGET-30-PANXJL-01,TARGET-30-PAPZYZ-01,TARGET-30-PARZCJ-02
ADRN,0.9959228,0.0041413596,0.9959229,0.99592316,0.99154913,0.99592304,0.99592316,0.9959033,0.9959203,0.019401371,0.9959299,0.995928,0.995921,0.995883,0.9959234,0.99592316,0.99347806,0.0041338224,0.00413744,0.48787132,0.9959229,0.9959229,0.9959233,0.99592197,0.9958983,0.9959233,0.99589133,0.9959168,0.995865,0.9959214,0.9959235,0.9959233,0.9959233,0.99592316,0.9959193,0.99592066,0.99588543,0.004141037,0.0041336697,0.004133874,0.0041337404
MES,0.0040772106,0.9958586,0.0040771333,0.0040768464,0.008450796,0.0040769046,0.004076858,0.0040966733,0.0040797093,0.98059857,0.00407014,0.0040719667,0.004078926,0.004117036,0.004076657,0.00407686,0.0065219216,0.9958662,0.9958625,0.51212865,0.004077017,0.0040771314,0.0040767672,0.0040780236,0.0041016936,0.0040766797,0.004108649,0.004083277,0.0041350047,0.0040785987,0.004076434,0.0040767593,0.0040766876,0.0040768157,0.0040807477,0.0040793447,0.004114524,0.99585897,0.9958663,0.9958662,0.9958663
