metric,test,val,train,
acc,0.93125,0.9242424242424243,0.9203125000000001,
f1,0.9310317802421726,0.923914435762777,0.9199511466556796,
loss,0.47070273756980896,0.47511526942253113,0.484353244304657,
sens,0.9367779711979743,0.9316860465116279,0.9280414913824826,
spec,0.93125,0.9242424242424243,0.9203125000000001,
mcc,0.8680103687839827,0.8558961032361835,0.8483187828798786,
ep,9