Module,0.5_sum_abs,0.6_sum_abs,0.7_sum_abs,0.8_sum_abs,0.9_sum_abs,1_sum_abs,0.5_sum,0.6_sum,0.7_sum,0.8_sum,0.9_sum,1_sum,0.5_sum_False_strg,0.5_sum_True_strg,0.6_sum_False_strg,0.6_sum_True_strg,0.7_sum_False_strg,0.7_sum_True_strg,0.8_sum_False_strg,0.8_sum_True_strg,0.9_sum_False_strg,0.9_sum_True_strg,1_sum_False_strg,1_sum_True_strg,
output_module,200.00001525878906,197.0,187.0,174.0,166.0,0.0,191.21856689453125,192.8155059814453,185.97222900390625,174.0,166.0,0.0,94.91092681884766,96.3076400756836,96.33138275146484,96.484130859375,91.97223663330078,93.99999237060547,81.0,93.0,74.0,92.0,0.0,0.0,
output_module_residual,15.006669998168945,13.830259323120117,11.861065864562988,8.82399845123291,7.234976768493652,0.0,11.221334457397461,12.397747039794922,11.861065864562988,8.82399845123291,7.234976768493652,0.0,7.263385772705078,3.957948684692383,7.74409818649292,4.653648376464844,7.490155220031738,4.370909690856934,4.552546501159668,4.271451950073242,3.0781497955322266,4.156827449798584,0.0,0.0,
