Module,0.5_sum_abs,0.6_sum_abs,0.7_sum_abs,0.8_sum_abs,0.9_sum_abs,1_sum_abs,0.5_sum,0.6_sum,0.7_sum,0.8_sum,0.9_sum,1_sum,0.5_sum_ADRN,0.5_sum_MES,0.6_sum_ADRN,0.6_sum_MES,0.7_sum_ADRN,0.7_sum_MES,0.8_sum_ADRN,0.8_sum_MES,0.9_sum_ADRN,0.9_sum_MES,1_sum_ADRN,1_sum_MES,
output_module,40.0,40.0,38.0,38.0,38.0,0.0,38.89038848876953,38.89038848876953,37.156219482421875,37.156219482421875,37.156219482421875,0.0,31.852378845214844,7.038008213043213,31.852378845214844,7.038008213043213,31.0,6.156219482421875,31.0,6.156219482421875,31.0,6.156219482421875,0.0,0.0,
output_module_residual,2.108825206756592,2.108825206756592,1.6224019527435303,1.6224019527435303,1.6224019527435303,0.0,2.108825206756592,2.108825206756592,1.6224019527435303,1.6224019527435303,1.6224019527435303,0.0,1.416806697845459,0.6920186281204224,1.416806697845459,0.6920186281204224,1.1763460636138916,0.4460558295249939,1.1763460636138916,0.4460558295249939,1.1763460636138916,0.4460558295249939,0.0,0.0,
