,TARGET-30-PARBGP-01,TARGET-30-PANLET-01,TARGET-30-PAKYZS-01,TARGET-30-PASZKE-01,TH03_0008_S01,TH40_2240_S01,TARGET-30-PAPVFD-01,TARGET-30-PAMYCE-01,TARGET-30-PATFCY-01,TARGET-30-PAIPGU-01,TARGET-30-PARFWB-01,TARGET-30-PALZZV-01,THR31_0883_S01,TARGET-30-PATAYJ-01,TARGET-30-PAMNLH-01,TARGET-30-PAMEZH-01,TH40_2218_S01,TARGET-30-PANKFE-01,TH40_2272_S01,TARGET-30-PALVKK-01,TARGET-30-PASHFA-01,TH06_0284_S01,TARGET-30-PANBMJ-01,TARGET-30-PATFXV-01,TARGET-30-PAPTDH-01,TARGET-30-PARHAM-01,TARGET-30-PAPBZI-01,TARGET-30-PALWVJ-01,TARGET-30-PATYIL-01,TARGET-30-PAPTLV-01,TARGET-30-PANZVU-01,TARGET-30-PASRFS-01,TARGET-30-PARACS-01,TH40_2255_S01,TARGET-30-PANBJH-01,TARGET-30-PATEPF-01,TARGET-30-PAPZYP-01,TH40_2235_S01,TARGET-30-PARKGJ-01,TH06_0649_S01
ADRN,0.9872842,0.98726743,0.98555297,0.987207,0.98377544,0.3287079,0.98727965,0.987022,0.9872751,0.98735005,0.98726803,0.9872972,0.9866895,0.9872707,0.9872732,0.9877747,0.9872617,0.024016205,0.024178537,0.060334347,0.9872477,0.024202459,0.98702514,0.98725677,0.9830104,0.98725104,0.9872508,0.98676294,0.98755884,0.062431186,0.9871043,0.9872716,0.98725975,0.9870947,0.9872816,0.9872666,0.9862136,0.02403291,0.025545146,0.6371429
MES,0.012715798,0.012732534,0.014446976,0.012792926,0.016224548,0.6712921,0.012720331,0.012977982,0.01272484,0.012649902,0.01273202,0.01270279,0.0133104855,0.012729317,0.012726806,0.012225211,0.012738254,0.9759838,0.97582144,0.9396657,0.012752362,0.9757976,0.0129748685,0.012743232,0.016989602,0.012748907,0.012749136,0.013237065,0.012441138,0.9375688,0.012895697,0.0127284,0.012740233,0.01290534,0.012718337,0.012733325,0.013786363,0.9759671,0.9744548,0.36285716
