Module,0.5_sum_abs,0.6_sum_abs,0.7_sum_abs,0.8_sum_abs,0.9_sum_abs,1_sum_abs,0.5_sum,0.6_sum,0.7_sum,0.8_sum,0.9_sum,1_sum,0.5_sum_False_strg,0.5_sum_True_strg,0.6_sum_False_strg,0.6_sum_True_strg,0.7_sum_False_strg,0.7_sum_True_strg,0.8_sum_False_strg,0.8_sum_True_strg,0.9_sum_False_strg,0.9_sum_True_strg,1_sum_False_strg,1_sum_True_strg,
output_module,100.0,98.0,95.0,92.0,83.0,0.0,96.654296875,95.23698425292969,92.23698425292969,89.23697662353516,80.23698425292969,0.0,42.236976623535156,54.41731262207031,42.236976623535156,53.0,40.23698043823242,52.0,38.236976623535156,51.0,35.236976623535156,45.0,0.0,0.0,
output_module_residual,8.550984382629395,7.230896949768066,6.073827743530273,5.513494968414307,4.565948009490967,0.0,8.550984382629395,7.230896949768066,6.073827743530273,5.513494968414307,4.565948009490967,0.0,3.837174892425537,4.713809967041016,3.837174892425537,3.39372181892395,2.948941707611084,3.1248865127563477,2.5544958114624023,2.9589991569519043,2.1876983642578125,2.3782498836517334,0.0,0.0,
