Module,0.5_sum_abs,0.6_sum_abs,0.7_sum_abs,0.8_sum_abs,0.9_sum_abs,1_sum_abs,0.5_sum,0.6_sum,0.7_sum,0.8_sum,0.9_sum,1_sum,0.5_sum_female,0.5_sum_male,0.6_sum_female,0.6_sum_male,0.7_sum_female,0.7_sum_male,0.8_sum_female,0.8_sum_male,0.9_sum_female,0.9_sum_male,1_sum_female,1_sum_male,
MNNOutput,132.7576446533203,132.7576446533203,131.9403076171875,131.9403076171875,0.0,0.0,132.7576446533203,132.7576446533203,131.9403076171875,131.9403076171875,0.0,0.0,69.11761474609375,63.6400260925293,69.11761474609375,63.6400260925293,69.11761474609375,62.822696685791016,69.11761474609375,62.822696685791016,0.0,0.0,0.0,0.0,
MNNOutput_residual,5.242359161376953,5.242359161376953,5.059689998626709,5.059689998626709,0.0,0.0,5.242359161376953,5.242359161376953,5.059689998626709,5.059689998626709,0.0,0.0,2.8823866844177246,2.3599724769592285,2.8823866844177246,2.3599724769592285,2.8823866844177246,2.1773033142089844,2.8823866844177246,2.1773033142089844,0.0,0.0,0.0,0.0,
