Module,0.5_sum_abs,0.6_sum_abs,0.7_sum_abs,0.8_sum_abs,0.9_sum_abs,1_sum_abs,0.5_sum,0.6_sum,0.7_sum,0.8_sum,0.9_sum,1_sum,0.5_sum_ADRN,0.5_sum_MES,0.6_sum_ADRN,0.6_sum_MES,0.7_sum_ADRN,0.7_sum_MES,0.8_sum_ADRN,0.8_sum_MES,0.9_sum_ADRN,0.9_sum_MES,1_sum_ADRN,1_sum_MES,
output_module,40.0,40.0,39.0,38.0,37.0,0.0,35.630897521972656,35.630897521972656,34.894596099853516,33.894596099853516,32.958412170410156,0.0,26.894596099853516,8.73630428314209,26.894596099853516,8.73630428314209,26.894596099853516,8.0,26.894596099853516,7.000000476837158,25.958412170410156,7.000000476837158,0.0,0.0,
output_module_residual,2.6256885528564453,2.6256885528564453,2.4770617485046387,2.363494873046875,2.2244086265563965,0.0,2.6256885528564453,2.6256885528564453,2.4770617485046387,2.363494873046875,2.2244086265563965,0.0,2.1399760246276855,0.48571258783340454,2.1399760246276855,0.48571258783340454,2.1399760246276855,0.33708563446998596,2.1399760246276855,0.22351907193660736,2.000889539718628,0.22351907193660736,0.0,0.0,
