,TARGET-30-PANZPV-01,TARGET-30-PATDXG-01,TARGET-30-PAPEFE-01,THR31_0881_S01,TARGET-30-PAPICY-01,TARGET-30-PASVRU-01,TARGET-30-PASNPG-02,TH40_2269_S01,TARGET-30-PASWFB-01,TARGET-30-PASGAP-02,TARGET-30-PANNMS-01,TH03_0288_S01,TARGET-30-PASSRN-01,TARGET-30-PASUCB-01,TARGET-30-PAPTFZ-01,TARGET-30-PASPBZ-01,TARGET-30-PAPEAV-01,TARGET-30-PANJLH-01,TH27_1356_S01,TH40_2262_S01,TARGET-30-PARBGP-01,TARGET-30-PANLET-01,TARGET-30-PAKYZS-01,TARGET-30-PASZKE-01,TH03_0008_S01,TH40_2240_S01,TARGET-30-PAPVFD-01,TARGET-30-PAMYCE-01,TARGET-30-PATFCY-01,TARGET-30-PAIPGU-01,TARGET-30-PARFWB-01,TARGET-30-PALZZV-01,THR31_0883_S01,TARGET-30-PATAYJ-01,TARGET-30-PAMNLH-01,TARGET-30-PAMEZH-01,TH40_2218_S01,TARGET-30-PANKFE-01,TH40_2272_S01,TARGET-30-PALVKK-01
ADRN,0.99128515,0.99143714,0.9914596,0.01151033,0.99149936,0.9915001,0.25397176,0.012096789,0.99150497,0.9554458,0.99148566,0.991488,0.9911438,0.99150604,0.99150324,0.9915039,0.99147534,0.011511095,0.89430684,0.33153367,0.9915047,0.9914704,0.9837367,0.99150425,0.9806065,0.022438135,0.99150497,0.99124336,0.9914619,0.99133563,0.9915052,0.9915058,0.99127394,0.99149185,0.99149656,0.99125576,0.99147975,0.011498693,0.011503258,0.011501463
MES,0.008714815,0.008562859,0.008540344,0.9884897,0.008500699,0.008499903,0.74602824,0.9879032,0.00849507,0.044554222,0.008514402,0.008511978,0.008856165,0.008493916,0.008496801,0.008496058,0.008524649,0.98848885,0.10569316,0.6684663,0.008495291,0.008529583,0.016263273,0.008495675,0.019393487,0.9775619,0.008495017,0.008756593,0.008538201,0.008664284,0.0084948,0.008494238,0.008726098,0.00850819,0.008503428,0.00874424,0.008520188,0.9885013,0.9884968,0.9884985
