Module,0.5_sum,0.6_sum,0.7_sum,0.8_sum,0.9_sum,1_sum,
logic1,67.03585052490234,65.24554443359375,63.91185760498047,44.1412353515625,0.0,0.0,30.14760971069336,36.88823318481445,30.14760971069336,35.097938537597656,32.07225036621094,31.8396053314209,20.475067138671875,23.666168212890625,0.0,0.0,0.0,0.0,
logic1_residual,4.420806884765625,4.363862037658691,4.180588722229004,3.4340476989746094,0.0,0.0,1.2643952369689941,3.1564114093780518,1.2643952369689941,3.0994668006896973,1.2865757942199707,2.894012928009033,1.273789644241333,2.1602582931518555,0.0,0.0,0.0,0.0,
logic2,29.850908279418945,30.653345108032227,29.871692657470703,36.95661544799805,0.0,0.0,-3.550239086151123,33.40114212036133,-3.550239086151123,34.20358657836914,-5.078343391418457,34.950035095214844,5.936684608459473,31.01993179321289,0.0,0.0,0.0,0.0,
logic2_residual,4.420806884765625,4.363862037658691,4.180588722229004,3.4340476989746094,0.0,0.0,1.2643952369689941,3.1564114093780518,1.2643952369689941,3.0994668006896973,1.2865757942199707,2.894012928009033,1.273789644241333,2.1602582931518555,0.0,0.0,0.0,0.0,
logic_rnd,0.41491076350212097,0.6525520086288452,0.7404801249504089,-0.5477718114852905,0.0,0.0,5.390012741088867,-4.975101947784424,5.390012741088867,-4.737460613250732,5.1273603439331055,-4.386879920959473,2.622129440307617,-3.169901132583618,0.0,0.0,0.0,0.0,
logic_rnd_residual,4.420806884765625,4.363862037658691,4.180588722229004,3.4340476989746094,0.0,0.0,1.2643952369689941,3.1564114093780518,1.2643952369689941,3.0994668006896973,1.2865757942199707,2.894012928009033,1.273789644241333,2.1602582931518555,0.0,0.0,0.0,0.0,
