Module,0.5_sum,0.6_sum,0.7_sum,0.8_sum,0.9_sum,1_sum,
output_module,142.36993408203125,142.01626586914062,138.28839111328125,108.54596710205078,0.0,0.0,72.82829284667969,69.54164123535156,72.82829284667969,69.18797302246094,71.17841339111328,67.10997772216797,52.98458480834961,55.561378479003906,0.0,0.0,0.0,0.0,
output_module_residual,17.630067825317383,16.98373794555664,15.711606979370117,11.454033851623535,0.0,0.0,5.171712398529053,12.458354949951172,5.171712398529053,11.812026023864746,4.821584701538086,10.890023231506348,3.0154128074645996,8.438621520996094,0.0,0.0,0.0,0.0,
