Module,0.5_sum_abs,0.6_sum_abs,0.7_sum_abs,0.8_sum_abs,0.9_sum_abs,1_sum_abs,0.5_sum,0.6_sum,0.7_sum,0.8_sum,0.9_sum,1_sum,0.5_sum_female,0.5_sum_male,0.6_sum_female,0.6_sum_male,0.7_sum_female,0.7_sum_male,0.8_sum_female,0.8_sum_male,0.9_sum_female,0.9_sum_male,1_sum_female,1_sum_male,
MNNOutput,178.33811950683594,178.33811950683594,176.5749969482422,175.62449645996094,0.0,0.0,165.0160369873047,165.0160369873047,164.25869750976562,163.5325927734375,0.0,0.0,82.74986267089844,82.26616668701172,82.74986267089844,82.26616668701172,82.74986267089844,81.50884246826172,82.74986267089844,80.78271484375,0.0,0.0,0.0,0.0,
MNNOutput_residual,6.983976364135742,6.983976364135742,6.741304397583008,6.467424392700195,0.0,0.0,6.983976364135742,6.983976364135742,6.741304397583008,6.467424392700195,0.0,0.0,3.2501416206359863,3.733835220336914,3.2501416206359863,3.733835220336914,3.2501416206359863,3.4911625385284424,3.2501416206359863,3.2172839641571045,0.0,0.0,0.0,0.0,
