Module,0.5_sum_abs,0.6_sum_abs,0.7_sum_abs,0.8_sum_abs,0.9_sum_abs,1_sum_abs,0.5_sum,0.6_sum,0.7_sum,0.8_sum,0.9_sum,1_sum,0.5_sum_False_strg,0.5_sum_True_strg,0.6_sum_False_strg,0.6_sum_True_strg,0.7_sum_False_strg,0.7_sum_True_strg,0.8_sum_False_strg,0.8_sum_True_strg,0.9_sum_False_strg,0.9_sum_True_strg,1_sum_False_strg,1_sum_True_strg,
output_module,100.0,97.0,95.0,92.0,86.0,0.0,94.4615478515625,92.71212768554688,91.10750579833984,88.25877380371094,82.48382568359375,0.0,45.927001953125,48.534542083740234,44.66901779174805,48.043113708496094,43.848731994628906,47.2587776184082,40.999996185302734,47.2587776184082,40.0,42.48382568359375,0.0,0.0,
output_module_residual,7.24702262878418,5.84033727645874,5.439516544342041,4.910679817199707,4.351714611053467,0.0,7.24702262878418,5.84033727645874,5.439516544342041,4.910679817199707,4.351714611053467,0.0,4.007396697998047,3.239626407623291,3.1079087257385254,2.732428789138794,2.9061973094940186,2.5333194732666016,2.3773603439331055,2.5333194732666016,2.2737131118774414,2.0780012607574463,0.0,0.0,
