Module,0.5_sum_abs,0.6_sum_abs,0.7_sum_abs,0.8_sum_abs,0.9_sum_abs,1_sum_abs,0.5_sum,0.6_sum,0.7_sum,0.8_sum,0.9_sum,1_sum,0.5_sum_ADRN,0.5_sum_MES,0.6_sum_ADRN,0.6_sum_MES,0.7_sum_ADRN,0.7_sum_MES,0.8_sum_ADRN,0.8_sum_MES,0.9_sum_ADRN,0.9_sum_MES,1_sum_ADRN,1_sum_MES,
output_module,41.0,40.0,40.0,40.0,38.0,0.0,29.631023406982422,29.20914077758789,29.20914077758789,29.20914077758789,27.878292083740234,0.0,26.49812889099121,3.1328954696655273,26.076244354248047,3.1328954696655273,26.076244354248047,3.1328954696655273,26.076244354248047,3.1328954696655273,25.076242446899414,2.802046775817871,0.0,0.0,
output_module_residual,1.4752321243286133,1.3207075595855713,1.3207075595855713,1.3207075595855713,1.168990969657898,0.0,1.4752321243286133,1.3207075595855713,1.3207075595855713,1.3207075595855713,1.168990969657898,0.0,1.1055635213851929,0.3696686029434204,0.9510388970375061,0.3696686029434204,0.9510388970375061,0.3696686029434204,0.9510388970375061,0.3696686029434204,0.8653558492660522,0.3036351799964905,0.0,0.0,
