,THR31_0882_S01,TARGET-30-PANBSP-01,TARGET-30-PAPKXS-01,TARGET-30-PAITCI-01,TARGET-30-PASFIC-01,TH40_2249_S01,TARGET-30-PALUYS-01,TARGET-30-PANZRV-01,TARGET-30-PAPHPE-01,TARGET-30-PASXGP-01,TARGET-30-PARGKK-01,TARGET-30-PASTCN-01,TARGET-30-PASWYR-01,TARGET-30-PATNKP-02,TARGET-30-PASCTR-01,TARGET-30-PAPVRN-01,TARGET-30-PARJVP-01,TARGET-30-PARZIP-01,TARGET-30-PASMJG-01,TARGET-30-PAPTAN-01,TARGET-30-PALKUC-01,TARGET-30-PANZPV-01,TARGET-30-PATDXG-01,TARGET-30-PAPEFE-01,THR31_0881_S01,TARGET-30-PAPICY-01,TARGET-30-PASVRU-01,TARGET-30-PASNPG-02,TH40_2269_S01,TARGET-30-PASWFB-01,TARGET-30-PASGAP-02,TARGET-30-PANNMS-01,TH03_0288_S01,TARGET-30-PASSRN-01,TARGET-30-PASUCB-01,TARGET-30-PAPTFZ-01,TARGET-30-PASPBZ-01,TARGET-30-PAPEAV-01,TARGET-30-PANJLH-01,TH27_1356_S01,TH40_2262_S01
ADRN,0.98221886,0.9819166,0.9822305,0.98174495,0.9790674,0.80871344,0.981767,0.9820504,0.9820098,0.982226,0.98216736,0.9822291,0.98216516,0.9822267,0.98206514,0.9628775,0.98222005,0.9822152,0.024168838,0.024155678,0.024187963,0.98215437,0.98220843,0.9811149,0.024193242,0.9820486,0.9821685,0.026105855,0.024458194,0.9821425,0.15815336,0.98221993,0.98213,0.98210526,0.98212105,0.9821539,0.9821254,0.982205,0.024214337,0.56083846,0.024167482
MES,0.017781071,0.018083416,0.017769482,0.018255025,0.020932693,0.19128664,0.018232942,0.017949592,0.017990151,0.017773988,0.01783268,0.017770916,0.017834833,0.01777333,0.017934857,0.037122525,0.01777995,0.017784787,0.9758312,0.9758444,0.975812,0.017845612,0.017791526,0.01888508,0.9758068,0.0179514,0.017831443,0.9738941,0.97554183,0.017857468,0.84184664,0.017780047,0.017869974,0.01789478,0.017878948,0.017846027,0.017874576,0.017795028,0.9757857,0.4391615,0.9758326
