metric,test,val,train,
acc,0.96875,0.9595959595959596,0.9750000000000001,
f1,0.9687487792491893,0.9595918367346938,0.9749997558569907,
loss,0.4108828604221344,0.41809317469596863,0.4085320830345154,
sens,0.9688232536333802,0.9597836072267021,0.9750185554123207,
spec,0.96875,0.9595959595959596,0.9750000000000001,
mcc,0.9375732507716865,0.91937954767299,0.950018555231112,
ep,8