Module,0.5_sum_abs,0.6_sum_abs,0.7_sum_abs,0.8_sum_abs,0.9_sum_abs,1_sum_abs,0.5_sum,0.6_sum,0.7_sum,0.8_sum,0.9_sum,1_sum,0.5_sum_female,0.5_sum_male,0.6_sum_female,0.6_sum_male,0.7_sum_female,0.7_sum_male,0.8_sum_female,0.8_sum_male,0.9_sum_female,0.9_sum_male,1_sum_female,1_sum_male,
MNNOutput,166.52249145507812,166.52249145507812,165.8636016845703,164.94886779785156,0.0,0.0,165.69039916992188,165.69039916992188,165.03150939941406,164.1236114501953,0.0,0.0,79.78971862792969,85.90067291259766,79.78971862792969,85.90067291259766,79.78971862792969,85.24179077148438,78.8818359375,85.24179077148438,0.0,0.0,0.0,0.0,
MNNOutput_residual,6.309602737426758,6.309602737426758,5.968493461608887,5.876379013061523,0.0,0.0,6.309602737426758,6.309602737426758,5.968493461608887,5.876379013061523,0.0,0.0,3.2102787494659424,3.0993242263793945,3.2102787494659424,3.0993242263793945,3.2102787494659424,2.7582151889801025,3.1181631088256836,2.7582151889801025,0.0,0.0,0.0,0.0,
