Module,0.5_sum,0.6_sum,0.7_sum,0.8_sum,0.9_sum,1_sum,
logic1,69.593017578125,80.44428253173828,77.32738494873047,49.51634979248047,0.0,0.0,17.654850006103516,51.93816375732422,30.99080467224121,49.45347595214844,32.231021881103516,45.09636306762695,16.758262634277344,32.75809097290039,0.0,0.0,0.0,0.0,
logic1_residual,5.042665481567383,5.387636184692383,4.94551420211792,3.868105888366699,0.0,0.0,1.0349844694137573,4.007680892944336,1.4655892848968506,3.9220471382141113,1.4585963487625122,3.486917495727539,1.2813129425048828,2.5867929458618164,0.0,0.0,0.0,0.0,
logic2,39.34601593017578,32.63203048706055,31.375267028808594,42.993370056152344,0.0,0.0,2.3561017513275146,36.98991394042969,-5.753534317016602,38.38556671142578,-6.772363185882568,38.14762878417969,7.2597270011901855,35.733638763427734,0.0,0.0,0.0,0.0,
logic2_residual,5.042665481567383,5.387636184692383,4.94551420211792,3.868105888366699,0.0,0.0,1.0349844694137573,4.007680892944336,1.4655892848968506,3.9220471382141113,1.4585963487625122,3.486917495727539,1.2813129425048828,2.5867929458618164,0.0,0.0,0.0,0.0,
logic_rnd,2.1385111808776855,0.6343268156051636,0.7799707651138306,-1.1939741373062134,0.0,0.0,8.318031311035156,-6.179520606994629,6.610220909118652,-5.975893974304199,6.13823938369751,-5.358268737792969,2.5555708408355713,-3.749544858932495,0.0,0.0,0.0,0.0,
logic_rnd_residual,5.042665481567383,5.387636184692383,4.94551420211792,3.868105888366699,0.0,0.0,1.0349844694137573,4.007680892944336,1.4655892848968506,3.9220471382141113,1.4585963487625122,3.486917495727539,1.2813129425048828,2.5867929458618164,0.0,0.0,0.0,0.0,
