Module,0.5_sum,0.6_sum,0.7_sum,0.8_sum,0.9_sum,1_sum,
output_module,173.44107055664062,170.84716796875,163.59332275390625,119.6185302734375,0.0,0.0,85.87600708007812,87.56505584716797,83.56546020507812,87.2817153930664,80.16206359863281,83.43125915527344,50.09355163574219,69.52497100830078,0.0,0.0,0.0,0.0,
output_module_residual,24.558935165405273,22.152822494506836,19.406681060791016,13.381473541259766,0.0,0.0,8.123990058898926,16.434946060180664,6.434540748596191,15.718280792236328,5.837935924530029,13.568746566772461,2.9064486026763916,10.475025177001953,0.0,0.0,0.0,0.0,
