Module,0.5_sum,0.6_sum,0.7_sum,0.8_sum,0.9_sum,1_sum,
output_module,187.395263671875,187.0684051513672,186.3206329345703,185.4246826171875,0.0,0.0,94.83147430419922,92.56380462646484,94.83147430419922,92.23695373535156,94.83147430419922,91.4891586303711,93.93551635742188,91.4891586303711,0.0,0.0,0.0,0.0,
output_module_residual,10.604728698730469,9.931583404541016,9.679364204406738,9.575319290161133,0.0,0.0,4.1685285568237305,6.436200141906738,4.1685285568237305,5.763054847717285,4.1685285568237305,5.510835647583008,4.064484119415283,5.510835647583008,0.0,0.0,0.0,0.0,
