Module,0.5_sum,0.6_sum,0.7_sum,0.8_sum,0.9_sum,1_sum,
logic1,76.76006317138672,82.78311920166016,77.9809341430664,75.75607299804688,0.0,0.0,32.26408767700195,44.49597930908203,32.26408767700195,50.51903533935547,32.26408767700195,45.71683883666992,30.039226531982422,45.71683883666992,0.0,0.0,0.0,0.0,
logic1_residual,4.692232131958008,4.895171165466309,4.727952480316162,4.6838178634643555,0.0,0.0,1.6826961040496826,3.009535789489746,1.6826961040496826,3.212475299835205,1.6826961040496826,3.0452561378479004,1.6385622024536133,3.0452561378479004,0.0,0.0,0.0,0.0,
logic2,68.57252502441406,64.22977447509766,67.1185073852539,70.15901947021484,0.0,0.0,11.795398712158203,56.777122497558594,11.795398712158203,52.43437576293945,11.795398712158203,55.32310485839844,14.835912704467773,55.32310485839844,0.0,0.0,0.0,0.0,
logic2_residual,4.692232131958008,4.895171165466309,4.727952480316162,4.6838178634643555,0.0,0.0,1.6826961040496826,3.009535789489746,1.6826961040496826,3.212475299835205,1.6826961040496826,3.0452561378479004,1.6385622024536133,3.0452561378479004,0.0,0.0,0.0,0.0,
logic_rnd,0.023149415850639343,-0.017486363649368286,0.05816018581390381,-0.13599051535129547,0.0,0.0,1.5413122177124023,-1.518162727355957,1.5413122177124023,-1.5587986707687378,1.5413122177124023,-1.483151912689209,1.3471614122390747,-1.483151912689209,0.0,0.0,0.0,0.0,
logic_rnd_residual,4.692232131958008,4.895171165466309,4.727952480316162,4.6838178634643555,0.0,0.0,1.6826961040496826,3.009535789489746,1.6826961040496826,3.212475299835205,1.6826961040496826,3.0452561378479004,1.6385622024536133,3.0452561378479004,0.0,0.0,0.0,0.0,
