Module,0.5_sum,0.6_sum,0.7_sum,0.8_sum,0.9_sum,1_sum,
logic1,305.91583251953125,308.4053955078125,312.3016357421875,285.1354064941406,0.0,0.0,98.34720611572266,207.568603515625,100.8367919921875,207.568603515625,104.73300170898438,207.568603515625,83.03812408447266,202.0972900390625,0.0,0.0,0.0,0.0,
logic1_residual,16.494190216064453,16.48668670654297,16.451684951782227,15.89375114440918,0.0,0.0,3.2501707077026367,13.244020462036133,3.2426655292510986,13.244020462036133,3.2076640129089355,13.244020462036133,3.3336195945739746,12.560131072998047,0.0,0.0,0.0,0.0,
logic2,196.78317260742188,195.24560546875,192.7772216796875,216.22830200195312,0.0,0.0,-13.02835750579834,209.81153869628906,-14.565921783447266,209.81153869628906,-17.034313201904297,209.81153869628906,13.789844512939453,202.43844604492188,0.0,0.0,0.0,0.0,
logic2_residual,16.494190216064453,16.48668670654297,16.451684951782227,15.89375114440918,0.0,0.0,3.2501707077026367,13.244020462036133,3.2426655292510986,13.244020462036133,3.2076640129089355,13.244020462036133,3.3336195945739746,12.560131072998047,0.0,0.0,0.0,0.0,
logic_rnd,-6.80598783493042,-6.846081733703613,-7.308769702911377,-9.269126892089844,0.0,0.0,33.446170806884766,-40.25216293334961,33.40608215332031,-40.25216293334961,32.943389892578125,-40.25216293334961,28.40887451171875,-37.678001403808594,0.0,0.0,0.0,0.0,
logic_rnd_residual,16.494190216064453,16.48668670654297,16.451684951782227,15.89375114440918,0.0,0.0,3.2501707077026367,13.244020462036133,3.2426655292510986,13.244020462036133,3.2076640129089355,13.244020462036133,3.3336195945739746,12.560131072998047,0.0,0.0,0.0,0.0,
