metric,test,val,train,
acc,0.94,0.9145454545454546,0.9342857142857143,
f1,0.94,0.9145642346642422,0.9342207404865215,
loss,0.3961573541164398,0.42232441902160645,0.38935068249702454,
sens,0.94,0.9146292180238432,0.936008392341988,
spec,0.94,0.9145454545454546,0.9342857142857143,
mcc,0.88,0.8291746683383916,0.8702924016738425,
ep,8