Module,0.5_sum_abs,0.6_sum_abs,0.7_sum_abs,0.8_sum_abs,0.9_sum_abs,1_sum_abs,0.5_sum,0.6_sum,0.7_sum,0.8_sum,0.9_sum,1_sum,0.5_sum_female,0.5_sum_male,0.6_sum_female,0.6_sum_male,0.7_sum_female,0.7_sum_male,0.8_sum_female,0.8_sum_male,0.9_sum_female,0.9_sum_male,1_sum_female,1_sum_male,
MNNOutput,161.97647094726562,156.63217163085938,156.63217163085938,152.32640075683594,0.0,0.0,130.62835693359375,129.92941284179688,129.92941284179688,128.34173583984375,0.0,0.0,68.64413452148438,61.984230041503906,68.07769775390625,61.851715087890625,68.07769775390625,61.851715087890625,67.1962890625,61.14545440673828,0.0,0.0,0.0,0.0,
MNNOutput_residual,7.37164306640625,6.07059383392334,6.07059383392334,5.658268928527832,0.0,0.0,7.37164306640625,6.07059383392334,6.07059383392334,5.658268928527832,0.0,0.0,3.3558740615844727,4.0157694816589355,2.922304391860962,3.1482889652252197,2.922304391860962,3.1482889652252197,2.803722381591797,2.854546546936035,0.0,0.0,0.0,0.0,
