Module,0.5_sum_abs,0.6_sum_abs,0.7_sum_abs,0.8_sum_abs,0.9_sum_abs,1_sum_abs,0.5_sum,0.6_sum,0.7_sum,0.8_sum,0.9_sum,1_sum,0.5_sum_ADRN,0.5_sum_MES,0.6_sum_ADRN,0.6_sum_MES,0.7_sum_ADRN,0.7_sum_MES,0.8_sum_ADRN,0.8_sum_MES,0.9_sum_ADRN,0.9_sum_MES,1_sum_ADRN,1_sum_MES,
output_module,19.0,19.0,19.0,19.0,19.0,0.0,12.078851699829102,12.078851699829102,12.078851699829102,12.078851699829102,12.078851699829102,0.0,10.115283012390137,1.9635684490203857,10.115283012390137,1.9635684490203857,10.115283012390137,1.9635684490203857,10.115283012390137,1.9635684490203857,10.115283012390137,1.9635684490203857,0.0,0.0,
output_module_residual,0.45332270860671997,0.45332270860671997,0.45332270860671997,0.45332270860671997,0.45332270860671997,0.0,0.45332270860671997,0.45332270860671997,0.45332270860671997,0.45332270860671997,0.45332270860671997,0.0,0.3414343595504761,0.11188837140798569,0.3414343595504761,0.11188837140798569,0.3414343595504761,0.11188837140798569,0.3414343595504761,0.11188837140798569,0.3414343595504761,0.11188837140798569,0.0,0.0,
