,TARGET-30-PATINJ-01,TH40_2265_S01,TARGET-30-PATESI-01,TARGET-30-PAMBMJ-01,TARGET-30-PAPLSD-01,TARGET-30-PASMNT-01,TARGET-30-PASXIE-01,TARGET-30-PATDWN-01,TARGET-30-PASNZU-01,TARGET-30-PASWIJ-01,TARGET-30-PASYPX-01,TARGET-30-PASCFC-01,TARGET-30-PASSRS-01,TARGET-30-PASFGG-01,TARGET-30-PAMZGT-01,TH40_2223_S01,TARGET-30-PASXRJ-01,TARGET-30-PANGXK-01,TARGET-30-PAPTCR-01
ADRN,0.9916945,0.9905338,0.99169475,0.9916938,0.9916853,0.9916945,0.9916946,0.99169475,0.9916946,0.9916351,0.99169344,0.9916946,0.99169475,0.99158865,0.013072261,0.9916946,0.99045897,0.011853501,0.01185363
MES,0.008305522,0.009466218,0.008305279,0.008306244,0.008314701,0.008305514,0.008305317,0.008305294,0.0083053205,0.00836495,0.008306558,0.008305368,0.008305279,0.00841129,0.9869277,0.008305333,0.0095410785,0.98814654,0.9881464
