Module,0.5_sum,0.6_sum,0.7_sum,0.8_sum,0.9_sum,1_sum,
logic1,229.20054626464844,228.09048461914062,236.0562286376953,235.85586547851562,0.0,0.0,36.26652526855469,192.93402099609375,35.156463623046875,192.93402099609375,43.1221923828125,192.93402099609375,44.2545166015625,191.60137939453125,0.0,0.0,0.0,0.0,
logic1_residual,18.074682235717773,18.101940155029297,18.203102111816406,18.015214920043945,0.0,0.0,6.411128044128418,11.663555145263672,6.438384056091309,11.663555145263672,6.539547443389893,11.663555145263672,6.481009483337402,11.534205436706543,0.0,0.0,0.0,0.0,
logic2,225.47088623046875,227.37464904785156,222.30613708496094,223.08935546875,0.0,0.0,68.80769348144531,156.66319274902344,70.7114486694336,156.66319274902344,65.64293670654297,156.66319274902344,68.19853210449219,154.89083862304688,0.0,0.0,0.0,0.0,
logic2_residual,18.074682235717773,18.101940155029297,18.203102111816406,18.015214920043945,0.0,0.0,6.411128044128418,11.663555145263672,6.438384056091309,11.663555145263672,6.539547443389893,11.663555145263672,6.481009483337402,11.534205436706543,0.0,0.0,0.0,0.0,
logic_rnd,4.613131523132324,4.160861968994141,2.7390778064727783,0.6175075769424438,0.0,0.0,56.7843017578125,-52.17116928100586,56.33203125,-52.17116928100586,54.910247802734375,-52.17116928100586,51.69740676879883,-51.07989501953125,0.0,0.0,0.0,0.0,
logic_rnd_residual,18.074682235717773,18.101940155029297,18.203102111816406,18.015214920043945,0.0,0.0,6.411128044128418,11.663555145263672,6.438384056091309,11.663555145263672,6.539547443389893,11.663555145263672,6.481009483337402,11.534205436706543,0.0,0.0,0.0,0.0,
