Module,0.5_sum,0.6_sum,0.7_sum,0.8_sum,0.9_sum,1_sum,
output_module,602.23681640625,601.65966796875,600.4281005859375,593.683837890625,0.0,0.0,297.64752197265625,304.58929443359375,297.0703430175781,304.58929443359375,295.8387451171875,304.58929443359375,290.8832702636719,302.8005676269531,0.0,0.0,0.0,0.0,
output_module_residual,37.76319885253906,37.340362548828125,36.571937561035156,35.31615447998047,0.0,0.0,25.352493286132812,12.410707473754883,24.929655075073242,12.410707473754883,24.161230087280273,12.410707473754883,23.116731643676758,12.199426651000977,0.0,0.0,0.0,0.0,
