Module,0.5_sum_abs,0.6_sum_abs,0.7_sum_abs,0.8_sum_abs,0.9_sum_abs,1_sum_abs,0.5_sum,0.6_sum,0.7_sum,0.8_sum,0.9_sum,1_sum,0.5_sum_female,0.5_sum_male,0.6_sum_female,0.6_sum_male,0.7_sum_female,0.7_sum_male,0.8_sum_female,0.8_sum_male,0.9_sum_female,0.9_sum_male,1_sum_female,1_sum_male,
MNNOutput,165.23654174804688,165.23654174804688,164.40945434570312,160.60812377929688,0.0,0.0,164.87786865234375,164.87786865234375,164.05078125,160.60812377929688,0.0,0.0,87.72985076904297,77.14801788330078,87.72985076904297,77.14801788330078,87.72985076904297,76.32093048095703,86.081787109375,74.52633666992188,0.0,0.0,0.0,0.0,
MNNOutput_residual,7.122136116027832,7.122136116027832,6.949231147766113,6.391883850097656,0.0,0.0,7.122136116027832,7.122136116027832,6.949231147766113,6.391883850097656,0.0,0.0,4.270153045654297,2.851982593536377,4.270153045654297,2.851982593536377,4.270153045654297,2.6790771484375,3.9182238578796387,2.4736597537994385,0.0,0.0,0.0,0.0,
