metric,test,val,train,
acc,0.96875,0.9696969696969697,0.9750000000000001,
f1,0.9687390098081357,0.9696938775510204,0.9749997558569907,
loss,0.418572336435318,0.41862642765045166,0.4125698506832123,
sens,0.9694101079643248,0.9698887414514648,0.9750185554123207,
spec,0.96875,0.9696969696969697,0.9750000000000001,
mcc,0.9381598757318014,0.9395856915778908,0.950018555231112,
ep,9