Module,0.5_sum_abs,0.6_sum_abs,0.7_sum_abs,0.8_sum_abs,0.9_sum_abs,1_sum_abs,0.5_sum,0.6_sum,0.7_sum,0.8_sum,0.9_sum,1_sum,0.5_sum_ADRN,0.5_sum_MES,0.6_sum_ADRN,0.6_sum_MES,0.7_sum_ADRN,0.7_sum_MES,0.8_sum_ADRN,0.8_sum_MES,0.9_sum_ADRN,0.9_sum_MES,1_sum_ADRN,1_sum_MES,
output_module,41.0,41.0,40.0,40.0,40.0,0.0,37.98335266113281,37.98335266113281,37.230892181396484,37.230892181396484,37.230892181396484,0.0,34.76057434082031,3.222781181335449,34.76057434082031,3.222781181335449,34.00811004638672,3.222781181335449,34.00811004638672,3.222781181335449,34.00811004638672,3.222781181335449,0.0,0.0,
output_module_residual,1.6090466976165771,1.6090466976165771,1.5312234163284302,1.5312234163284302,1.5312234163284302,0.0,1.6090466976165771,1.6090466976165771,1.5312234163284302,1.5312234163284302,1.5312234163284302,0.0,1.4541921615600586,0.15485438704490662,1.4541921615600586,0.15485438704490662,1.3763689994812012,0.15485438704490662,1.3763689994812012,0.15485438704490662,1.3763689994812012,0.15485438704490662,0.0,0.0,
