,TARGET-30-PAISNS-01,TARGET-30-PAPCTS-01,TARGET-30-PARACM-01,TH27_2347_S02,TARGET-30-PASPER-01,TARGET-30-PARSBI-01,TARGET-30-PASGUT-01,TARGET-30-PASNPG-01,TARGET-30-PATGJU-01,TARGET-30-PARDCK-01,TARGET-30-PANUKV-01,TH03_0287_S01,TARGET-30-PARVLK-01,TARGET-30-PALNVP-01,TH40_2235_S02,TARGET-30-PAPUWY-01,TH03_0015_S02,TARGET-30-PAMVRA-01,TARGET-30-PAPBJE-01,TH06_0622_S01,TH40_2228_S01,TARGET-30-PATHVK-01,TH03_0015_S01,THR31_0914_S01,TARGET-30-PAPBGH-01,TARGET-30-PATDXC-01,THR31_0866_S01,TARGET-30-PAMMXF-01,TARGET-30-PALBFW-01,TH40_2276_S01,TARGET-30-PASWVY-01,TARGET-30-PALIIN-01,TARGET-30-PANYGR-01,TARGET-30-PANWRR-01,TARGET-30-PARFRE-01,TARGET-30-PANUIF-01,TH40_2222_S01,TARGET-30-PALEVG-01,TARGET-30-PAITEG-01,TARGET-30-PALCBW-01,TARGET-30-PAPKWN-01
ADRN,0.99230003,0.99212235,0.9908144,0.99082243,0.9921933,0.99179274,0.992424,0.99237776,0.6716112,0.9923557,0.9921772,0.9921566,0.9924597,0.99216,0.9921475,0.9923632,0.99192643,0.9923211,0.9911089,0.01138559,0.020438218,0.9921572,0.99217623,0.99218166,0.9924159,0.99215275,0.9921842,0.9921673,0.9909943,0.99215114,0.9922011,0.99223775,0.9921847,0.99216217,0.9921699,0.9921549,0.99212074,0.99202114,0.011441852,0.0114404885,0.9032317
MES,0.00769989,0.007877645,0.009185658,0.009177602,0.007806739,0.008207287,0.0075759212,0.0076221945,0.32838878,0.0076443553,0.007822777,0.007843404,0.007540312,0.007839991,0.007852463,0.007636758,0.00807358,0.007678871,0.008891133,0.98861444,0.9795618,0.007842811,0.007823806,0.007818307,0.007584093,0.007847264,0.007815755,0.007832709,0.009005718,0.007848898,0.0077989125,0.007762299,0.007815365,0.007837878,0.007830064,0.007845163,0.007879316,0.007978905,0.9885582,0.98855954,0.09676836
