Module,0.5_sum,0.6_sum,0.7_sum,0.8_sum,0.9_sum,1_sum,
logic1,67.16532135009766,57.652313232421875,42.59895324707031,1.4884190559387207,0.0,0.0,28.164947509765625,39.0003776550293,15.881830215454102,41.77048110961914,0.862592339515686,41.736358642578125,0.0946122407913208,1.3938069343566895,0.0,0.0,0.0,0.0,
logic1_residual,3.762856960296631,3.8942391872406006,3.7321314811706543,0.9895107746124268,0.0,0.0,0.5604456067085266,3.2024121284484863,0.7380850911140442,3.156153678894043,0.9154175519943237,2.816713809967041,0.9072605967521667,0.08225012570619583,0.0,0.0,0.0,0.0,
logic2,21.51132583618164,38.88706970214844,56.0877571105957,26.804080963134766,0.0,0.0,-29.502880096435547,51.01420593261719,-2.4693493843078613,41.35641860961914,24.947206497192383,31.140546798706055,25.966583251953125,0.8374966382980347,0.0,0.0,0.0,0.0,
logic2_residual,3.762856960296631,3.8942391872406006,3.7321314811706543,0.9895107746124268,0.0,0.0,0.5604456067085266,3.2024121284484863,0.7380850911140442,3.156153678894043,0.9154175519943237,2.816713809967041,0.9072605967521667,0.08225012570619583,0.0,0.0,0.0,0.0,
logic_rnd,-0.9967708587646484,-0.9967876076698303,-0.8732929825782776,-0.19248366355895996,0.0,0.0,0.10488837957382202,-1.1016590595245361,-0.23616278171539307,-0.7606248259544373,-0.2904723286628723,-0.5828205943107605,-0.25066035985946655,0.058176763355731964,0.0,0.0,0.0,0.0,
logic_rnd_residual,3.762856960296631,3.8942391872406006,3.7321314811706543,0.9895107746124268,0.0,0.0,0.5604456067085266,3.2024121284484863,0.7380850911140442,3.156153678894043,0.9154175519943237,2.816713809967041,0.9072605967521667,0.08225012570619583,0.0,0.0,0.0,0.0,
