Module,0.5_sum,0.6_sum,0.7_sum,0.8_sum,0.9_sum,1_sum,
output_module,137.5335235595703,133.273681640625,122.23219299316406,65.9205322265625,0.0,0.0,73.56732177734375,63.96620178222656,70.91990661621094,62.353763580322266,64.79138946533203,57.44080352783203,64.05195617675781,1.8685747385025024,0.0,0.0,0.0,0.0,
output_module_residual,22.466476440429688,15.726316452026367,10.767805099487305,6.079473495483398,0.0,0.0,15.4326753616333,7.033799171447754,10.080083847045898,5.6462321281433105,6.208606719970703,4.559197902679443,5.948048114776611,0.13142526149749756,0.0,0.0,0.0,0.0,
