Module,0.5_sum_abs,0.6_sum_abs,0.7_sum_abs,0.8_sum_abs,0.9_sum_abs,1_sum_abs,0.5_sum,0.6_sum,0.7_sum,0.8_sum,0.9_sum,1_sum,0.5_sum_female,0.5_sum_male,0.6_sum_female,0.6_sum_male,0.7_sum_female,0.7_sum_male,0.8_sum_female,0.8_sum_male,0.9_sum_female,0.9_sum_male,1_sum_female,1_sum_male,
MNNOutput,133.73739624023438,133.73739624023438,131.29991149902344,131.29991149902344,0.0,0.0,131.97232055664062,131.97232055664062,131.29991149902344,131.29991149902344,0.0,0.0,64.15953063964844,67.81279754638672,64.15953063964844,67.81279754638672,64.15953063964844,67.14036560058594,64.15953063964844,67.14036560058594,0.0,0.0,0.0,0.0,
MNNOutput_residual,6.027676582336426,6.027676582336426,5.700099468231201,5.700099468231201,0.0,0.0,6.027676582336426,6.027676582336426,5.700099468231201,5.700099468231201,0.0,0.0,2.8404722213745117,3.187204599380493,2.8404722213745117,3.187204599380493,2.8404722213745117,2.8596272468566895,2.8404722213745117,2.8596272468566895,0.0,0.0,0.0,0.0,
