Module,0.5_sum,0.6_sum,0.7_sum,0.8_sum,0.9_sum,1_sum,
logic1,254.7353515625,253.26187133789062,252.488037109375,249.24876403808594,0.0,0.0,49.764610290527344,204.9707489013672,51.07691955566406,202.18495178222656,51.20792007446289,201.28012084960938,51.18734359741211,198.06141662597656,0.0,0.0,0.0,0.0,
logic1_residual,21.55073356628418,21.621191024780273,21.329059600830078,21.14280891418457,0.0,0.0,5.657205581665039,15.893528938293457,5.943824291229248,15.677367210388184,6.048431396484375,15.280628204345703,6.1134867668151855,15.02932357788086,0.0,0.0,0.0,0.0,
logic2,203.73487854003906,206.2894287109375,203.53814697265625,204.7392578125,0.0,0.0,30.565196990966797,173.169677734375,33.338279724121094,172.95115661621094,34.59412384033203,168.9440460205078,35.66582489013672,169.0734405517578,0.0,0.0,0.0,0.0,
logic2_residual,21.55073356628418,21.621191024780273,21.329059600830078,21.14280891418457,0.0,0.0,5.657205581665039,15.893528938293457,5.943824291229248,15.677367210388184,6.048431396484375,15.280628204345703,6.1134867668151855,15.02932357788086,0.0,0.0,0.0,0.0,
logic_rnd,-18.51885986328125,-19.038795471191406,-17.984167098999023,-17.32946014404297,0.0,0.0,32.77792739868164,-51.296791076660156,31.250160217285156,-50.28895568847656,30.66473388671875,-48.648902893066406,30.35985565185547,-47.6893196105957,0.0,0.0,0.0,0.0,
logic_rnd_residual,21.55073356628418,21.621191024780273,21.329059600830078,21.14280891418457,0.0,0.0,5.657205581665039,15.893528938293457,5.943824291229248,15.677367210388184,6.048431396484375,15.280628204345703,6.1134867668151855,15.02932357788086,0.0,0.0,0.0,0.0,
