Module,0.5_sum,0.6_sum,0.7_sum,0.8_sum,0.9_sum,1_sum,
output_module,609.8834228515625,607.2171630859375,603.2661743164062,599.846435546875,0.0,0.0,302.2198486328125,307.66351318359375,300.55499267578125,306.6622009277344,299.00201416015625,304.26416015625,297.3424072265625,302.5040283203125,0.0,0.0,0.0,0.0,
output_module_residual,30.11666488647461,26.782814025878906,25.733821868896484,25.1535701751709,0.0,0.0,16.7801570892334,13.336506843566895,14.445016860961914,12.337797164916992,13.997974395751953,11.735848426818848,13.657590866088867,11.495977401733398,0.0,0.0,0.0,0.0,
