Module,0.5_sum,0.6_sum,0.7_sum,0.8_sum,0.9_sum,1_sum,
logic1,265.923828125,266.0887756347656,259.4884033203125,260.0107421875,0.0,0.0,113.8475341796875,152.07627868652344,113.8475341796875,152.2412109375,117.26079559326172,142.2275848388672,118.53478240966797,141.47593688964844,0.0,0.0,0.0,0.0,
logic1_residual,15.811646461486816,15.79262924194336,15.507383346557617,15.428218841552734,0.0,0.0,5.011560916900635,10.800085067749023,5.011560916900635,10.781068801879883,5.096063613891602,10.411321640014648,5.167108535766602,10.261109352111816,0.0,0.0,0.0,0.0,
logic2,207.89895629882812,206.93887329101562,210.7393798828125,209.1189727783203,0.0,0.0,27.19968605041504,180.69927978515625,27.19968605041504,179.73919677734375,24.90234375,185.8370361328125,24.760622024536133,184.35833740234375,0.0,0.0,0.0,0.0,
logic2_residual,15.811646461486816,15.79262924194336,15.507383346557617,15.428218841552734,0.0,0.0,5.011560916900635,10.800085067749023,5.011560916900635,10.781068801879883,5.096063613891602,10.411321640014648,5.167108535766602,10.261109352111816,0.0,0.0,0.0,0.0,
logic_rnd,0.7081195712089539,0.6343966722488403,0.5306922793388367,0.2347848266363144,0.0,0.0,4.413559436798096,-3.7054402828216553,4.413559436798096,-3.779162883758545,4.195328712463379,-3.6646358966827393,4.111527442932129,-3.876742362976074,0.0,0.0,0.0,0.0,
logic_rnd_residual,15.811646461486816,15.79262924194336,15.507383346557617,15.428218841552734,0.0,0.0,5.011560916900635,10.800085067749023,5.011560916900635,10.781068801879883,5.096063613891602,10.411321640014648,5.167108535766602,10.261109352111816,0.0,0.0,0.0,0.0,
