Module,0.5_sum_abs,0.6_sum_abs,0.7_sum_abs,0.8_sum_abs,0.9_sum_abs,1_sum_abs,0.5_sum,0.6_sum,0.7_sum,0.8_sum,0.9_sum,1_sum,0.5_sum_female,0.5_sum_male,0.6_sum_female,0.6_sum_male,0.7_sum_female,0.7_sum_male,0.8_sum_female,0.8_sum_male,0.9_sum_female,0.9_sum_male,1_sum_female,1_sum_male,
MNNOutput,142.162109375,141.13272094726562,141.13272094726562,140.251220703125,0.0,0.0,132.39561462402344,131.5784149169922,131.5784149169922,130.73687744140625,0.0,0.0,65.3951644897461,67.00045013427734,65.3951644897461,66.18325805664062,65.3951644897461,66.18325805664062,65.3951644897461,65.34171295166016,0.0,0.0,0.0,0.0,
MNNOutput_residual,5.604387283325195,5.421579837799072,5.421579837799072,5.263121604919434,0.0,0.0,5.604387283325195,5.421579837799072,5.421579837799072,5.263121604919434,0.0,0.0,2.6048355102539062,2.999551296234131,2.6048355102539062,2.816743850708008,2.6048355102539062,2.816743850708008,2.6048355102539062,2.6582860946655273,0.0,0.0,0.0,0.0,
