Module,0.5_sum_abs,0.6_sum_abs,0.7_sum_abs,0.8_sum_abs,0.9_sum_abs,1_sum_abs,0.5_sum,0.6_sum,0.7_sum,0.8_sum,0.9_sum,1_sum,0.5_sum_female,0.5_sum_male,0.6_sum_female,0.6_sum_male,0.7_sum_female,0.7_sum_male,0.8_sum_female,0.8_sum_male,0.9_sum_female,0.9_sum_male,1_sum_female,1_sum_male,
MNNOutput,133.40679931640625,133.40679931640625,133.40679931640625,133.40679931640625,0.0,0.0,133.2440185546875,133.2440185546875,133.2440185546875,133.2440185546875,0.0,0.0,65.33222198486328,67.91180419921875,65.33222198486328,67.91180419921875,65.33222198486328,67.91180419921875,65.33222198486328,67.91180419921875,0.0,0.0,0.0,0.0,
MNNOutput_residual,4.755980014801025,4.755980014801025,4.755980014801025,4.755980014801025,0.0,0.0,4.755980014801025,4.755980014801025,4.755980014801025,4.755980014801025,0.0,0.0,2.6677818298339844,2.088198661804199,2.6677818298339844,2.088198661804199,2.6677818298339844,2.088198661804199,2.6677818298339844,2.088198661804199,0.0,0.0,0.0,0.0,
