Module,0.5_sum_abs,0.6_sum_abs,0.7_sum_abs,0.8_sum_abs,0.9_sum_abs,1_sum_abs,0.5_sum,0.6_sum,0.7_sum,0.8_sum,0.9_sum,1_sum,0.5_sum_False_strg,0.5_sum_True_strg,0.6_sum_False_strg,0.6_sum_True_strg,0.7_sum_False_strg,0.7_sum_True_strg,0.8_sum_False_strg,0.8_sum_True_strg,0.9_sum_False_strg,0.9_sum_True_strg,1_sum_False_strg,1_sum_True_strg,
output_module,99.0,98.0,95.0,90.0,84.0,0.0,83.3548583984375,82.3548583984375,81.37095642089844,76.38819885253906,71.38349914550781,0.0,38.21179962158203,45.14306640625,37.211795806884766,45.14306640625,36.22789001464844,45.14306640625,34.22789001464844,42.160308837890625,33.062416076660156,38.32108688354492,0.0,0.0,
output_module_residual,18.280776977539062,17.19882583618164,15.908560752868652,14.369380950927734,13.40524673461914,0.0,18.280776977539062,17.19882583618164,15.908560752868652,14.369380950927734,13.40524673461914,0.0,16.383750915527344,1.8970277309417725,15.30179500579834,1.8970277309417725,14.011531829833984,1.8970277309417725,12.737707138061523,1.6316725015640259,11.999920845031738,1.405326008796692,0.0,0.0,
