Module,0.5_sum_abs,0.6_sum_abs,0.7_sum_abs,0.8_sum_abs,0.9_sum_abs,1_sum_abs,0.5_sum,0.6_sum,0.7_sum,0.8_sum,0.9_sum,1_sum,0.5_sum_female,0.5_sum_male,0.6_sum_female,0.6_sum_male,0.7_sum_female,0.7_sum_male,0.8_sum_female,0.8_sum_male,0.9_sum_female,0.9_sum_male,1_sum_female,1_sum_male,
MNNOutput,167.93580627441406,167.93580627441406,165.6729736328125,160.84046936035156,0.0,0.0,165.04263305664062,165.04263305664062,164.21435546875,160.72470092773438,0.0,0.0,85.15800476074219,79.88463592529297,85.15800476074219,79.88463592529297,85.15800476074219,79.05634307861328,82.56017303466797,78.1645278930664,0.0,0.0,0.0,0.0,
MNNOutput_residual,6.957365036010742,6.957365036010742,6.785653114318848,6.275306701660156,0.0,0.0,6.957365036010742,6.957365036010742,6.785653114318848,6.275306701660156,0.0,0.0,3.841996908187866,3.115367889404297,3.841996908187866,3.115367889404297,3.841996908187866,2.9436559677124023,3.439840316772461,2.835466146469116,0.0,0.0,0.0,0.0,
