metric,test,val,train,
acc,0.9875,0.9696969696969697,0.9765625,
f1,0.9874980465697765,0.9696938775510204,0.9765610694012086,
loss,0.41045308113098145,0.41816774010658264,0.41700220108032227,
sens,0.9878048780487805,0.9698887414514648,0.9766788766788767,
spec,0.9875,0.9696969696969697,0.9765625,
mcc,0.9753048303966929,0.9395856915778908,0.9532413695749407,
ep,9