Module,0.5_sum_abs,0.6_sum_abs,0.7_sum_abs,0.8_sum_abs,0.9_sum_abs,1_sum_abs,0.5_sum,0.6_sum,0.7_sum,0.8_sum,0.9_sum,1_sum,0.5_sum_False_strg,0.5_sum_True_strg,0.6_sum_False_strg,0.6_sum_True_strg,0.7_sum_False_strg,0.7_sum_True_strg,0.8_sum_False_strg,0.8_sum_True_strg,0.9_sum_False_strg,0.9_sum_True_strg,1_sum_False_strg,1_sum_True_strg,
output_module,200.0,197.0,195.0,195.0,186.0,0.0,187.4443817138672,186.15045166015625,184.866943359375,184.866943359375,177.04946899414062,0.0,89.52667236328125,97.91770935058594,89.52667236328125,96.62376403808594,88.866943359375,96.0,88.866943359375,96.0,82.04946899414062,95.0,0.0,0.0,
output_module_residual,11.39270305633545,10.130094528198242,9.60599136352539,9.60599136352539,8.593388557434082,0.0,10.418416976928711,10.130094528198242,9.60599136352539,9.60599136352539,8.593388557434082,0.0,5.693552017211914,4.724864482879639,5.693552017211914,4.436540603637695,5.410382270812988,4.195609092712402,5.410382270812988,4.195609092712402,4.494136810302734,4.099250793457031,0.0,0.0,
