Module,0.5_sum_abs,0.6_sum_abs,0.7_sum_abs,0.8_sum_abs,0.9_sum_abs,1_sum_abs,0.5_sum,0.6_sum,0.7_sum,0.8_sum,0.9_sum,1_sum,0.5_sum_female,0.5_sum_male,0.6_sum_female,0.6_sum_male,0.7_sum_female,0.7_sum_male,0.8_sum_female,0.8_sum_male,0.9_sum_female,0.9_sum_male,1_sum_female,1_sum_male,
MNNOutput,133.57089233398438,132.9056854248047,132.9056854248047,132.9056854248047,0.0,0.0,132.38311767578125,131.72271728515625,131.72271728515625,131.72271728515625,0.0,0.0,65.68355560302734,66.69956970214844,65.02314758300781,66.69956970214844,65.02314758300781,66.69956970214844,65.02314758300781,66.69956970214844,0.0,0.0,0.0,0.0,
MNNOutput_residual,5.616884231567383,5.277288436889648,5.277288436889648,5.277288436889648,0.0,0.0,5.616884231567383,5.277288436889648,5.277288436889648,5.277288436889648,0.0,0.0,3.316452741622925,2.300431251525879,2.9768576622009277,2.300431251525879,2.9768576622009277,2.300431251525879,2.9768576622009277,2.300431251525879,0.0,0.0,0.0,0.0,
